cliente_id,nombre,apellido,email,fecha_alta,pais
1,David,García,david.garcia1@example.com,2025-02-27,España
2,Pablo,Sánchez,pablo.sanchez2@example.com,2021-10-13,España
3,Rubén,Martínez,ruben.martinez3@example.com,2024-04-24,Portugal
4,Carlos,García,carlos.garcia4@example.com,2021-07-11,España
5,Pablo,Díaz,pablo.diaz5@example.com,2024-05-17,España
6,Rubén,Sánchez,ruben.sanchez6@example.com,2025-01-06,Francia
7,Miguel,Sánchez,miguel.sanchez7@example.com,2023-07-09,Francia
8,Elena,Romero,elena.romero8@example.com,2025-11-16,España
9,Javier,Álvarez,javier.alvarez9@example.com,2023-05-16,España
10,Elena,López,elena.lopez10@example.com,2022-03-17,España
11,David,Martínez,david.martinez11@example.com,2023-02-18,España
12,Álvaro,Alonso,alvaro.alonso12@example.com,2022-12-06,Francia
13,Elena,Romero,elena.romero13@example.com,2021-03-30,Portugal
14,Rubén,Martínez,ruben.martinez14@example.com,2023-02-15,España
15,Rubén,Pérez,ruben.perez15@example.com,2025-08-26,Francia
16,Álvaro,Moreno,alvaro.moreno16@example.com,2022-01-29,España
17,Carlos,Muñoz,carlos.munoz17@example.com,2022-04-12,España
18,Laura,Alonso,laura.alonso18@example.com,2022-04-22,España
19,Irene,Pérez,irene.perez19@example.com,2023-07-18,España
20,Javier,Gómez,javier.gomez20@example.com,2022-12-29,España
21,Elena,Álvarez,elena.alvarez21@example.com,2024-10-31,España
22,Adrián,Muñoz,adrian.munoz22@example.com,2021-12-17,Francia
23,Pablo,López,pablo.lopez23@example.com,2023-08-05,Portugal
24,Elena,Gutiérrez,elena.gutierrez24@example.com,2024-08-03,Francia
25,Pablo,Muñoz,pablo.munoz25@example.com,2022-10-27,España
26,Pablo,Alonso,pablo.alonso26@example.com,2021-03-07,España
27,Irene,Pérez,irene.perez27@example.com,2021-05-16,España
28,Claudia,Gutiérrez,claudia.gutierrez28@example.com,2025-01-10,España
29,Lucía,Muñoz,lucia.munoz29@example.com,2023-10-20,Portugal
30,Sara,López,sara.lopez30@example.com,2022-06-27,España
31,Pablo,Álvarez,pablo.alvarez31@example.com,2024-02-24,Francia
32,Elena,Álvarez,elena.alvarez32@example.com,2024-04-12,Portugal
33,Claudia,Fernández,claudia.fernandez33@example.com,2023-01-12,España
34,Marta,Díaz,marta.diaz34@example.com,2023-10-08,España
35,Carlos,Alonso,carlos.alonso35@example.com,2021-08-13,España
36,Javier,Romero,javier.romero36@example.com,2024-10-25,Portugal
37,Adrián,Martínez,adrian.martinez37@example.com,2023-02-28,Portugal
38,Adrián,Ruiz,adrian.ruiz38@example.com,2023-12-20,España
39,Rubén,Alonso,ruben.alonso39@example.com,2021-01-24,España
40,Rubén,Romero,ruben.romero40@example.com,2022-07-01,España
41,David,Pérez,david.perez41@example.com,2023-06-10,España
42,Sara,García,sara.garcia42@example.com,2025-01-18,España
43,Paula,Romero,paula.romero43@example.com,2022-01-01,Francia
44,David,Alonso,david.alonso44@example.com,2024-07-04,España
45,Paula,Moreno,paula.moreno45@example.com,2022-02-12,España
46,Álvaro,Romero,alvaro.romero46@example.com,2021-11-27,Francia
47,Paula,Gutiérrez,paula.gutierrez47@example.com,2021-01-02,Francia
48,Nuria,Ruiz,nuria.ruiz48@example.com,2021-02-09,España
49,Álvaro,Gutiérrez,alvaro.gutierrez49@example.com,2025-08-31,España
50,Pablo,García,pablo.garcia50@example.com,2022-05-09,Francia
51,Laura,Martínez,laura.martinez51@example.com,2025-02-07,Portugal
52,Laura,Romero,laura.romero52@example.com,2023-12-27,España
53,Marta,Muñoz,marta.munoz53@example.com,2023-09-01,Francia
54,Javier,Pérez,javier.perez54@example.com,2023-12-17,Francia
55,Miguel,Sánchez,miguel.sanchez55@example.com,2024-01-10,España
56,Sergio,Fernández,sergio.fernandez56@example.com,2024-10-07,España
57,Sara,Gutiérrez,sara.gutierrez57@example.com,2023-11-26,Portugal
58,David,Sánchez,david.sanchez58@example.com,2022-04-06,España
59,Nuria,García,nuria.garcia59@example.com,2024-04-19,Francia
60,Pablo,Moreno,pablo.moreno60@example.com,2022-03-28,España
61,Laura,Álvarez,laura.alvarez61@example.com,2024-07-16,España
62,Pablo,Martínez,pablo.martinez62@example.com,2021-03-06,España
63,Laura,Díaz,laura.diaz63@example.com,2022-05-03,España
64,Daniel,Sánchez,daniel.sanchez64@example.com,2024-01-10,España
65,Claudia,Moreno,claudia.moreno65@example.com,2023-08-27,España
66,Daniel,Romero,daniel.romero66@example.com,2023-04-14,España
67,David,Martínez,david.martinez67@example.com,2024-09-11,Portugal
68,Álvaro,Fernández,alvaro.fernandez68@example.com,2023-04-22,Portugal
69,Carlos,Muñoz,carlos.munoz69@example.com,2024-08-31,España
70,Carlos,Fernández,carlos.fernandez70@example.com,2025-01-31,España
71,David,Sánchez,david.sanchez71@example.com,2022-01-28,España
72,Rubén,Ruiz,ruben.ruiz72@example.com,2021-10-15,Portugal
73,Javier,Pérez,javier.perez73@example.com,2023-08-06,España
74,Laura,Ruiz,laura.ruiz74@example.com,2025-07-13,Francia
75,David,García,david.garcia75@example.com,2024-08-28,Francia
76,Ana,Martínez,ana.martinez76@example.com,2025-03-24,España
77,Javier,Fernández,javier.fernandez77@example.com,2023-09-22,Portugal
78,Lucía,Alonso,lucia.alonso78@example.com,2023-04-02,España
79,Javier,Fernández,javier.fernandez79@example.com,2021-01-05,Portugal
80,Elena,Gutiérrez,elena.gutierrez80@example.com,2025-05-25,Portugal
81,Sergio,Fernández,sergio.fernandez81@example.com,2024-11-27,Francia
82,Daniel,López,daniel.lopez82@example.com,2022-01-24,España
83,Lucía,García,lucia.garcia83@example.com,2024-04-01,Francia
84,Carlos,Álvarez,carlos.alvarez84@example.com,2022-10-05,España
85,Carlos,Moreno,carlos.moreno85@example.com,2023-09-04,Francia
86,Paula,López,paula.lopez86@example.com,2021-04-27,Francia
87,Laura,Alonso,laura.alonso87@example.com,2022-01-16,España
88,Adrián,Martínez,adrian.martinez88@example.com,2024-10-14,España
89,Irene,Martínez,irene.martinez89@example.com,2024-03-12,España
90,Claudia,Moreno,claudia.moreno90@example.com,2021-03-23,Francia
91,Laura,Fernández,laura.fernandez91@example.com,2024-09-08,Francia
92,Claudia,Díaz,claudia.diaz92@example.com,2022-10-10,España
93,Lucía,Muñoz,lucia.munoz93@example.com,2025-01-06,España
94,Pablo,Pérez,pablo.perez94@example.com,2023-03-22,España
95,Sergio,Ruiz,sergio.ruiz95@example.com,2022-10-10,España
96,Ana,Ruiz,ana.ruiz96@example.com,2024-06-26,Francia
97,David,Martínez,david.martinez97@example.com,2024-01-07,España
98,Paula,Pérez,paula.perez98@example.com,2021-09-29,España
99,Laura,Gutiérrez,laura.gutierrez99@example.com,2022-05-16,España
100,Sergio,López,sergio.lopez100@example.com,2023-06-17,Francia
101,Sergio,Moreno,sergio.moreno101@example.com,2025-07-11,Francia
102,Ana,Muñoz,ana.munoz102@example.com,2025-08-01,Francia
103,Sergio,Gutiérrez,sergio.gutierrez103@example.com,2024-09-20,España
104,Marta,Pérez,marta.perez104@example.com,2021-08-25,España
105,Rubén,López,ruben.lopez105@example.com,2022-07-12,España
106,Adrián,Sánchez,adrian.sanchez106@example.com,2025-01-09,España
107,Lucía,Muñoz,lucia.munoz107@example.com,2024-07-22,España
108,Paula,Ruiz,paula.ruiz108@example.com,2022-05-30,España
109,Laura,Muñoz,laura.munoz109@example.com,2023-05-18,España
110,Carlos,García,carlos.garcia110@example.com,2022-11-15,España
111,Elena,López,elena.lopez111@example.com,2025-02-27,Portugal
112,Rubén,Álvarez,ruben.alvarez112@example.com,2023-05-26,Francia
113,Ana,Martínez,ana.martinez113@example.com,2021-06-04,España
114,Rubén,García,ruben.garcia114@example.com,2025-09-06,España
115,Claudia,Díaz,claudia.diaz115@example.com,2021-10-31,Portugal
116,Marta,García,marta.garcia116@example.com,2022-09-24,España
117,Carlos,Gutiérrez,carlos.gutierrez117@example.com,2023-01-03,España
118,Pablo,Muñoz,pablo.munoz118@example.com,2021-07-30,España
119,Rubén,Gutiérrez,ruben.gutierrez119@example.com,2025-11-27,Portugal
120,Adrián,Álvarez,adrian.alvarez120@example.com,2021-11-13,España
121,Javier,Romero,javier.romero121@example.com,2025-07-19,España
122,Miguel,García,miguel.garcia122@example.com,2022-01-03,España
123,Miguel,Romero,miguel.romero123@example.com,2024-10-03,España
124,Elena,López,elena.lopez124@example.com,2025-06-01,España
125,Irene,Alonso,irene.alonso125@example.com,2021-03-21,Portugal
126,Pablo,Sánchez,pablo.sanchez126@example.com,2025-07-31,Portugal
127,Álvaro,Pérez,alvaro.perez127@example.com,2025-08-08,España
128,Pablo,García,pablo.garcia128@example.com,2024-09-13,España
129,Irene,Gómez,irene.gomez129@example.com,2022-07-25,España
130,Elena,Gómez,elena.gomez130@example.com,2024-08-06,Francia
131,Irene,Muñoz,irene.munoz131@example.com,2025-09-24,Francia
132,Nuria,García,nuria.garcia132@example.com,2021-08-25,España
133,Javier,Moreno,javier.moreno133@example.com,2022-06-28,España
134,David,Moreno,david.moreno134@example.com,2023-06-09,España
135,Nuria,Fernández,nuria.fernandez135@example.com,2024-05-26,Francia
136,David,Fernández,david.fernandez136@example.com,2024-03-26,España
137,Elena,García,elena.garcia137@example.com,2024-12-22,Portugal
138,Ana,Díaz,ana.diaz138@example.com,2025-07-10,Francia
139,Lucía,Gómez,lucia.gomez139@example.com,2023-06-03,España
140,Nuria,Moreno,nuria.moreno140@example.com,2022-10-05,España
141,Sergio,Díaz,sergio.diaz141@example.com,2022-09-26,Portugal
142,Nuria,Fernández,nuria.fernandez142@example.com,2024-11-28,España
143,Rubén,López,ruben.lopez143@example.com,2022-01-28,Portugal
144,Irene,Muñoz,irene.munoz144@example.com,2025-03-13,España
145,Adrián,Moreno,adrian.moreno145@example.com,2022-09-09,Portugal
146,Rubén,Alonso,ruben.alonso146@example.com,2021-01-01,España
147,Sergio,Sánchez,sergio.sanchez147@example.com,2023-05-31,Francia
148,Adrián,Muñoz,adrian.munoz148@example.com,2022-10-22,Portugal
149,Sara,Ruiz,sara.ruiz149@example.com,2024-10-15,España
150,Paula,Ruiz,paula.ruiz150@example.com,2025-06-14,España
151,Laura,Pérez,laura.perez151@example.com,2023-11-22,Francia
152,Nuria,Martínez,nuria.martinez152@example.com,2025-08-04,España
153,Sergio,Sánchez,sergio.sanchez153@example.com,2025-07-10,España
154,Marta,García,marta.garcia154@example.com,2021-04-05,España
155,Daniel,Moreno,daniel.moreno155@example.com,2025-10-07,España
156,Sara,Fernández,sara.fernandez156@example.com,2024-07-13,Francia
157,Lucía,Álvarez,lucia.alvarez157@example.com,2024-11-27,Portugal
158,Daniel,Fernández,daniel.fernandez158@example.com,2022-05-15,España
159,Ana,Gutiérrez,ana.gutierrez159@example.com,2025-03-18,España
160,Miguel,Sánchez,miguel.sanchez160@example.com,2021-12-27,Francia
161,Sara,García,sara.garcia161@example.com,2024-02-16,España
162,David,Ruiz,david.ruiz162@example.com,2021-10-01,Portugal
163,Paula,Díaz,paula.diaz163@example.com,2024-05-04,España
164,Sara,Moreno,sara.moreno164@example.com,2025-07-28,Francia
165,Miguel,Alonso,miguel.alonso165@example.com,2024-01-28,Portugal
166,Javier,Álvarez,javier.alvarez166@example.com,2025-10-31,Portugal
167,Sara,Pérez,sara.perez167@example.com,2025-03-20,España
168,Elena,Romero,elena.romero168@example.com,2025-05-12,Francia
169,Daniel,Muñoz,daniel.munoz169@example.com,2022-05-05,España
170,Sara,Martínez,sara.martinez170@example.com,2025-01-01,España
171,Pablo,Pérez,pablo.perez171@example.com,2022-11-19,España
172,Rubén,Martínez,ruben.martinez172@example.com,2021-10-11,España
173,Pablo,Fernández,pablo.fernandez173@example.com,2024-11-22,España
174,Lucía,Martínez,lucia.martinez174@example.com,2023-04-30,Portugal
175,Nuria,Díaz,nuria.diaz175@example.com,2023-08-13,Portugal
176,Carlos,Sánchez,carlos.sanchez176@example.com,2025-09-02,Portugal
177,Irene,Gutiérrez,irene.gutierrez177@example.com,2025-04-26,Francia
178,Ana,Alonso,ana.alonso178@example.com,2025-04-17,Francia
179,Irene,Ruiz,irene.ruiz179@example.com,2021-01-13,España
180,Sergio,Romero,sergio.romero180@example.com,2023-03-10,Portugal
181,Rubén,Álvarez,ruben.alvarez181@example.com,2025-02-13,Francia
182,Adrián,Gutiérrez,adrian.gutierrez182@example.com,2022-03-28,Portugal
183,Pablo,Pérez,pablo.perez183@example.com,2023-06-12,Portugal
184,Ana,Fernández,ana.fernandez184@example.com,2022-11-20,Portugal
185,Javier,Alonso,javier.alonso185@example.com,2023-08-16,España
186,Adrián,Díaz,adrian.diaz186@example.com,2021-02-25,Portugal
187,Claudia,Moreno,claudia.moreno187@example.com,2024-09-19,España
188,Laura,Muñoz,laura.munoz188@example.com,2023-05-28,España
189,Sara,López,sara.lopez189@example.com,2021-04-13,España
190,Irene,Gómez,irene.gomez190@example.com,2022-03-10,Portugal
191,Nuria,Gómez,nuria.gomez191@example.com,2025-04-08,Portugal
192,Elena,Romero,elena.romero192@example.com,2025-08-31,Portugal
193,Elena,Alonso,elena.alonso193@example.com,2021-06-17,Portugal
194,Ana,Álvarez,ana.alvarez194@example.com,2024-01-10,España
195,Álvaro,Sánchez,alvaro.sanchez195@example.com,2024-08-24,España
196,Carlos,Romero,carlos.romero196@example.com,2021-03-05,España
197,Lucía,Alonso,lucia.alonso197@example.com,2021-02-11,Francia
198,Marta,Sánchez,marta.sanchez198@example.com,2021-09-16,Portugal
199,David,Moreno,david.moreno199@example.com,2022-03-23,Portugal
200,Elena,Romero,elena.romero200@example.com,2023-01-26,España
201,Adrián,Moreno,adrian.moreno201@example.com,2025-03-12,España
202,Javier,Pérez,javier.perez202@example.com,2021-08-10,Francia
203,Ana,Gutiérrez,ana.gutierrez203@example.com,2022-10-01,Francia
204,Irene,Fernández,irene.fernandez204@example.com,2025-01-04,España
205,Laura,Moreno,laura.moreno205@example.com,2024-11-15,España
206,David,Álvarez,david.alvarez206@example.com,2025-05-02,España
207,Adrián,Romero,adrian.romero207@example.com,2021-09-05,Francia
208,Carlos,Gómez,carlos.gomez208@example.com,2023-12-28,Portugal
209,Álvaro,Martínez,alvaro.martinez209@example.com,2023-11-03,España
210,Ana,Alonso,ana.alonso210@example.com,2023-05-11,Portugal
211,David,Fernández,david.fernandez211@example.com,2023-01-12,Portugal
212,Marta,Fernández,marta.fernandez212@example.com,2021-12-27,Francia
213,Elena,Moreno,elena.moreno213@example.com,2025-07-14,Francia
214,Daniel,Ruiz,daniel.ruiz214@example.com,2023-06-12,Francia
215,Elena,Gómez,elena.gomez215@example.com,2025-10-11,España
216,Laura,Pérez,laura.perez216@example.com,2023-07-13,España
217,Sara,Moreno,sara.moreno217@example.com,2024-06-03,Portugal
218,Nuria,García,nuria.garcia218@example.com,2023-10-10,España
219,Javier,Ruiz,javier.ruiz219@example.com,2022-03-11,España
220,Elena,Gómez,elena.gomez220@example.com,2022-07-27,Francia
221,Elena,Díaz,elena.diaz221@example.com,2021-01-21,Francia
222,Lucía,Martínez,lucia.martinez222@example.com,2022-05-10,Portugal
223,Daniel,Díaz,daniel.diaz223@example.com,2025-04-02,España
224,Daniel,Muñoz,daniel.munoz224@example.com,2024-12-28,Portugal
225,Sara,Romero,sara.romero225@example.com,2021-02-05,España
226,Sergio,Sánchez,sergio.sanchez226@example.com,2023-04-09,España
227,Sergio,Muñoz,sergio.munoz227@example.com,2024-04-06,España
228,Daniel,Díaz,daniel.diaz228@example.com,2023-12-24,España
229,Miguel,Álvarez,miguel.alvarez229@example.com,2024-02-02,España
230,Álvaro,Álvarez,alvaro.alvarez230@example.com,2023-07-19,España
231,Sergio,Pérez,sergio.perez231@example.com,2022-04-18,España
232,Lucía,Gómez,lucia.gomez232@example.com,2021-09-02,Francia
233,Javier,Sánchez,javier.sanchez233@example.com,2022-03-20,Portugal
234,Elena,Álvarez,elena.alvarez234@example.com,2024-04-22,Francia
235,Adrián,Pérez,adrian.perez235@example.com,2021-07-25,España
236,Sergio,Sánchez,sergio.sanchez236@example.com,2023-01-10,España
237,Sergio,García,sergio.garcia237@example.com,2024-12-21,Francia
238,Marta,Pérez,marta.perez238@example.com,2021-04-04,España
239,Rubén,Pérez,ruben.perez239@example.com,2024-11-29,España
240,Daniel,Martínez,daniel.martinez240@example.com,2025-11-23,España
241,Claudia,Pérez,claudia.perez241@example.com,2023-08-20,Portugal
242,Sara,Gómez,sara.gomez242@example.com,2022-01-13,España
243,Elena,Alonso,elena.alonso243@example.com,2023-09-06,España
244,Laura,Fernández,laura.fernandez244@example.com,2023-10-05,España
245,Claudia,Muñoz,claudia.munoz245@example.com,2024-11-06,España
246,Marta,López,marta.lopez246@example.com,2025-07-20,Francia
247,Sergio,Martínez,sergio.martinez247@example.com,2022-05-24,España
248,Rubén,Romero,ruben.romero248@example.com,2023-05-03,Francia
249,Adrián,Romero,adrian.romero249@example.com,2024-06-20,España
250,Paula,Fernández,paula.fernandez250@example.com,2023-07-12,Portugal
251,Sergio,Alonso,sergio.alonso251@example.com,2024-04-20,Portugal
252,Sergio,Moreno,sergio.moreno252@example.com,2024-06-25,España
253,Adrián,Álvarez,adrian.alvarez253@example.com,2021-07-23,España
254,Lucía,Pérez,lucia.perez254@example.com,2024-09-14,España
255,Javier,Sánchez,javier.sanchez255@example.com,2021-12-22,Francia
256,Laura,López,laura.lopez256@example.com,2021-01-06,Portugal
257,Sara,Álvarez,sara.alvarez257@example.com,2024-05-01,Portugal
258,Sergio,García,sergio.garcia258@example.com,2022-04-20,España
259,Sergio,Álvarez,sergio.alvarez259@example.com,2025-10-27,Portugal
260,Laura,Muñoz,laura.munoz260@example.com,2022-04-24,España
261,Claudia,Muñoz,claudia.munoz261@example.com,2025-07-05,España
262,Miguel,Martínez,miguel.martinez262@example.com,2024-01-21,España
263,Marta,Gutiérrez,marta.gutierrez263@example.com,2022-06-29,España
264,Laura,García,laura.garcia264@example.com,2021-12-06,España
265,Adrián,Álvarez,adrian.alvarez265@example.com,2025-08-16,Francia
266,Sergio,Ruiz,sergio.ruiz266@example.com,2021-09-12,Portugal
267,Sergio,Álvarez,sergio.alvarez267@example.com,2023-04-05,España
268,Paula,Díaz,paula.diaz268@example.com,2023-10-09,Portugal
269,Laura,Moreno,laura.moreno269@example.com,2021-03-23,Portugal
270,Nuria,Moreno,nuria.moreno270@example.com,2022-05-28,España
271,Laura,Sánchez,laura.sanchez271@example.com,2024-10-12,Francia
272,Claudia,García,claudia.garcia272@example.com,2025-04-16,España
273,Claudia,García,claudia.garcia273@example.com,2025-04-12,España
274,Daniel,Díaz,daniel.diaz274@example.com,2024-08-27,Portugal
275,Elena,López,elena.lopez275@example.com,2024-04-13,Portugal
276,Daniel,Martínez,daniel.martinez276@example.com,2023-08-21,España
277,Miguel,Gómez,miguel.gomez277@example.com,2022-10-20,España
278,Javier,Gómez,javier.gomez278@example.com,2023-04-24,Portugal
279,Sergio,Muñoz,sergio.munoz279@example.com,2023-04-01,Francia
280,Carlos,Ruiz,carlos.ruiz280@example.com,2021-06-30,España
281,Elena,Gómez,elena.gomez281@example.com,2021-08-26,Portugal
282,Paula,Alonso,paula.alonso282@example.com,2021-01-03,Francia
283,Sara,Fernández,sara.fernandez283@example.com,2021-04-22,España
284,Paula,Gómez,paula.gomez284@example.com,2024-06-29,Portugal
285,Sara,Romero,sara.romero285@example.com,2021-04-16,España
286,Elena,Díaz,elena.diaz286@example.com,2021-09-26,España
287,Sara,Gutiérrez,sara.gutierrez287@example.com,2024-12-01,Portugal
288,David,García,david.garcia288@example.com,2024-07-14,Francia
289,Pablo,Álvarez,pablo.alvarez289@example.com,2021-11-21,España
290,Rubén,García,ruben.garcia290@example.com,2024-02-06,Portugal
291,Laura,Sánchez,laura.sanchez291@example.com,2025-09-20,España
292,Sara,Martínez,sara.martinez292@example.com,2024-08-19,España
293,Daniel,Gutiérrez,daniel.gutierrez293@example.com,2025-01-07,España
294,Paula,Álvarez,paula.alvarez294@example.com,2022-07-14,Portugal
295,Daniel,Ruiz,daniel.ruiz295@example.com,2022-05-15,Portugal
296,Rubén,López,ruben.lopez296@example.com,2023-02-25,España
297,Adrián,Díaz,adrian.diaz297@example.com,2025-03-09,España
298,Laura,Pérez,laura.perez298@example.com,2025-05-02,Portugal
299,Nuria,Gutiérrez,nuria.gutierrez299@example.com,2025-06-02,Francia
300,Elena,Alonso,elena.alonso300@example.com,2021-01-06,España
301,Sergio,Alonso,sergio.alonso301@example.com,2024-04-17,Francia
302,Daniel,Alonso,daniel.alonso302@example.com,2021-11-01,Portugal
303,Rubén,Ruiz,ruben.ruiz303@example.com,2022-12-08,España
304,Rubén,Romero,ruben.romero304@example.com,2024-01-18,Portugal
305,Sara,Gutiérrez,sara.gutierrez305@example.com,2022-10-22,España
306,Pablo,Moreno,pablo.moreno306@example.com,2023-02-24,España
307,Miguel,García,miguel.garcia307@example.com,2022-10-14,Portugal
308,Irene,Fernández,irene.fernandez308@example.com,2024-09-21,España
309,Daniel,García,daniel.garcia309@example.com,2021-09-16,Francia
310,Claudia,Gómez,claudia.gomez310@example.com,2025-11-17,España
311,Sara,Martínez,sara.martinez311@example.com,2023-12-14,Portugal
312,Ana,Álvarez,ana.alvarez312@example.com,2021-10-23,Portugal
313,Marta,Martínez,marta.martinez313@example.com,2023-08-20,España
314,Nuria,Moreno,nuria.moreno314@example.com,2024-11-19,Portugal
315,Laura,Alonso,laura.alonso315@example.com,2022-11-04,Francia
316,Irene,Gómez,irene.gomez316@example.com,2024-07-07,Portugal
317,Rubén,García,ruben.garcia317@example.com,2024-06-18,España
318,Pablo,Muñoz,pablo.munoz318@example.com,2024-11-02,España
319,Pablo,Álvarez,pablo.alvarez319@example.com,2021-07-05,Portugal
320,David,Romero,david.romero320@example.com,2024-07-21,España
321,Sara,López,sara.lopez321@example.com,2024-11-22,España
322,Ana,García,ana.garcia322@example.com,2022-10-27,España
323,Sergio,Gómez,sergio.gomez323@example.com,2023-02-07,Portugal
324,Marta,Sánchez,marta.sanchez324@example.com,2023-12-24,Portugal
325,Claudia,Muñoz,claudia.munoz325@example.com,2025-06-12,España
326,Javier,López,javier.lopez326@example.com,2021-06-11,Francia
327,Irene,Moreno,irene.moreno327@example.com,2024-10-31,España
328,Daniel,Gutiérrez,daniel.gutierrez328@example.com,2024-04-09,España
329,Pablo,Ruiz,pablo.ruiz329@example.com,2024-07-30,España
330,Sara,Pérez,sara.perez330@example.com,2024-09-27,España
331,Sara,Gutiérrez,sara.gutierrez331@example.com,2022-08-13,Francia
332,Javier,Martínez,javier.martinez332@example.com,2023-06-24,España
333,Claudia,Pérez,claudia.perez333@example.com,2024-08-01,Portugal
334,Elena,Ruiz,elena.ruiz334@example.com,2025-09-28,España
335,Lucía,Fernández,lucia.fernandez335@example.com,2025-10-14,Portugal
336,David,Sánchez,david.sanchez336@example.com,2023-02-21,Francia
337,Álvaro,Moreno,alvaro.moreno337@example.com,2022-08-29,España
338,Ana,Alonso,ana.alonso338@example.com,2024-09-10,Portugal
339,Elena,García,elena.garcia339@example.com,2024-03-05,España
340,Adrián,Álvarez,adrian.alvarez340@example.com,2023-10-15,España
341,Pablo,Moreno,pablo.moreno341@example.com,2025-07-01,España
342,Pablo,Muñoz,pablo.munoz342@example.com,2022-01-25,Francia
343,Elena,Muñoz,elena.munoz343@example.com,2025-03-28,España
344,David,Gutiérrez,david.gutierrez344@example.com,2024-07-09,España
345,Sergio,Romero,sergio.romero345@example.com,2023-06-22,España
346,Claudia,Gómez,claudia.gomez346@example.com,2025-02-08,España
347,Laura,Gutiérrez,laura.gutierrez347@example.com,2022-08-28,España
348,Miguel,López,miguel.lopez348@example.com,2022-02-16,España
349,Rubén,Gutiérrez,ruben.gutierrez349@example.com,2023-01-20,Francia
350,Paula,Gutiérrez,paula.gutierrez350@example.com,2022-07-13,España
351,Elena,Gutiérrez,elena.gutierrez351@example.com,2025-08-16,Portugal
352,Sergio,Álvarez,sergio.alvarez352@example.com,2025-11-18,España
353,David,Ruiz,david.ruiz353@example.com,2021-06-04,España
354,Pablo,Alonso,pablo.alonso354@example.com,2024-10-17,Portugal
355,Rubén,Gómez,ruben.gomez355@example.com,2021-07-04,Portugal
356,Ana,Pérez,ana.perez356@example.com,2024-01-04,España
357,Sara,Gómez,sara.gomez357@example.com,2024-10-09,España
358,Claudia,Fernández,claudia.fernandez358@example.com,2025-08-12,España
359,David,Muñoz,david.munoz359@example.com,2022-04-24,Portugal
360,Ana,Moreno,ana.moreno360@example.com,2024-02-24,España
361,Adrián,Sánchez,adrian.sanchez361@example.com,2024-08-19,España
362,Sara,Gutiérrez,sara.gutierrez362@example.com,2024-12-06,España
363,Miguel,Martínez,miguel.martinez363@example.com,2021-10-14,España
364,Carlos,Pérez,carlos.perez364@example.com,2023-10-06,España
365,David,Sánchez,david.sanchez365@example.com,2024-01-06,España
366,Irene,Ruiz,irene.ruiz366@example.com,2023-01-30,Francia
367,Miguel,Moreno,miguel.moreno367@example.com,2025-03-01,España
368,Miguel,Muñoz,miguel.munoz368@example.com,2021-07-22,Portugal
369,Adrián,Fernández,adrian.fernandez369@example.com,2022-07-27,España
370,Álvaro,Sánchez,alvaro.sanchez370@example.com,2023-06-28,Portugal
371,Pablo,Alonso,pablo.alonso371@example.com,2023-01-13,España
372,Álvaro,Díaz,alvaro.diaz372@example.com,2024-08-13,España
373,Carlos,Fernández,carlos.fernandez373@example.com,2022-07-20,España
374,David,Alonso,david.alonso374@example.com,2025-08-15,Portugal
375,Laura,Muñoz,laura.munoz375@example.com,2022-03-11,Francia
376,Ana,García,ana.garcia376@example.com,2025-05-31,España
377,Pablo,López,pablo.lopez377@example.com,2025-05-31,Francia
378,Lucía,Martínez,lucia.martinez378@example.com,2025-08-27,Francia
379,Lucía,Moreno,lucia.moreno379@example.com,2022-03-19,España
380,Nuria,Romero,nuria.romero380@example.com,2021-10-30,Francia
381,Ana,Pérez,ana.perez381@example.com,2025-10-25,España
382,Marta,Díaz,marta.diaz382@example.com,2022-05-29,España
383,David,Muñoz,david.munoz383@example.com,2025-11-10,España
384,Marta,García,marta.garcia384@example.com,2023-01-04,España
385,Claudia,Gómez,claudia.gomez385@example.com,2021-02-02,España
386,Elena,García,elena.garcia386@example.com,2021-09-17,Portugal
387,Paula,Martínez,paula.martinez387@example.com,2025-03-08,España
388,Daniel,Ruiz,daniel.ruiz388@example.com,2025-05-13,España
389,Paula,Moreno,paula.moreno389@example.com,2021-08-12,Portugal
390,Paula,Sánchez,paula.sanchez390@example.com,2024-06-13,España
391,Paula,Pérez,paula.perez391@example.com,2023-07-28,España
392,Carlos,Ruiz,carlos.ruiz392@example.com,2025-10-02,Portugal
393,Miguel,Muñoz,miguel.munoz393@example.com,2021-08-10,Portugal
394,Sara,Martínez,sara.martinez394@example.com,2021-06-15,España
395,Adrián,López,adrian.lopez395@example.com,2021-05-15,España
396,Elena,Moreno,elena.moreno396@example.com,2024-07-20,Francia
397,Rubén,Álvarez,ruben.alvarez397@example.com,2022-10-28,Portugal
398,Adrián,Díaz,adrian.diaz398@example.com,2022-08-27,Portugal
399,Paula,Moreno,paula.moreno399@example.com,2023-06-01,España
400,David,Alonso,david.alonso400@example.com,2024-09-02,Francia
401,Lucía,Fernández,lucia.fernandez401@example.com,2023-07-14,España
402,Miguel,Gómez,miguel.gomez402@example.com,2025-08-22,Portugal
403,Irene,Fernández,irene.fernandez403@example.com,2025-02-03,España
404,Nuria,Fernández,nuria.fernandez404@example.com,2022-10-03,España
405,Álvaro,López,alvaro.lopez405@example.com,2024-11-07,Portugal
406,Laura,Martínez,laura.martinez406@example.com,2025-08-31,España
407,Laura,Fernández,laura.fernandez407@example.com,2021-07-17,España
408,Marta,Díaz,marta.diaz408@example.com,2021-05-03,Francia
409,Rubén,Díaz,ruben.diaz409@example.com,2022-11-07,España
410,Miguel,Gómez,miguel.gomez410@example.com,2025-11-25,Portugal
411,Carlos,Pérez,carlos.perez411@example.com,2024-05-14,España
412,Álvaro,Martínez,alvaro.martinez412@example.com,2024-03-29,Francia
413,Lucía,López,lucia.lopez413@example.com,2024-09-06,Portugal
414,Pablo,Alonso,pablo.alonso414@example.com,2021-08-10,España
415,Rubén,Gómez,ruben.gomez415@example.com,2021-08-24,España
416,Claudia,Sánchez,claudia.sanchez416@example.com,2025-07-12,Portugal
417,Rubén,Romero,ruben.romero417@example.com,2025-08-04,Francia
418,Adrián,Muñoz,adrian.munoz418@example.com,2024-08-09,Francia
419,Ana,Moreno,ana.moreno419@example.com,2024-09-09,España
420,Ana,López,ana.lopez420@example.com,2022-07-14,España
421,Nuria,Gómez,nuria.gomez421@example.com,2021-01-13,España
422,Marta,Moreno,marta.moreno422@example.com,2024-09-08,Portugal
423,Laura,López,laura.lopez423@example.com,2025-02-26,España
424,Laura,Álvarez,laura.alvarez424@example.com,2023-12-23,España
425,Irene,Fernández,irene.fernandez425@example.com,2023-07-19,España
426,Javier,Gómez,javier.gomez426@example.com,2022-10-01,España
427,Claudia,Moreno,claudia.moreno427@example.com,2021-06-23,España
428,Marta,López,marta.lopez428@example.com,2025-03-26,Francia
429,Carlos,Muñoz,carlos.munoz429@example.com,2021-06-17,España
430,Sara,Muñoz,sara.munoz430@example.com,2023-05-19,Portugal
431,Adrián,Ruiz,adrian.ruiz431@example.com,2023-04-29,España
432,Lucía,Romero,lucia.romero432@example.com,2023-11-16,España
433,Álvaro,Fernández,alvaro.fernandez433@example.com,2021-08-16,España
434,Claudia,Ruiz,claudia.ruiz434@example.com,2023-12-16,España
435,Carlos,Sánchez,carlos.sanchez435@example.com,2023-03-21,Francia
436,Carlos,García,carlos.garcia436@example.com,2022-02-23,España
437,Lucía,Romero,lucia.romero437@example.com,2021-10-09,España
438,Sergio,Gómez,sergio.gomez438@example.com,2021-09-03,España
439,Daniel,Álvarez,daniel.alvarez439@example.com,2023-06-01,España
440,Marta,Fernández,marta.fernandez440@example.com,2023-12-27,España
441,Paula,Díaz,paula.diaz441@example.com,2025-09-03,España
442,Laura,Fernández,laura.fernandez442@example.com,2025-10-31,España
443,Miguel,García,miguel.garcia443@example.com,2023-07-31,España
444,Nuria,Moreno,nuria.moreno444@example.com,2023-05-30,Francia
445,Irene,Álvarez,irene.alvarez445@example.com,2024-08-04,Portugal
446,Sergio,Martínez,sergio.martinez446@example.com,2023-04-10,España
447,Nuria,López,nuria.lopez447@example.com,2025-06-30,Francia
448,Sara,Alonso,sara.alonso448@example.com,2024-11-13,España
449,Laura,Fernández,laura.fernandez449@example.com,2025-09-26,España
450,Pablo,Fernández,pablo.fernandez450@example.com,2024-04-21,Portugal
451,Paula,Martínez,paula.martinez451@example.com,2023-03-22,España
452,Nuria,Sánchez,nuria.sanchez452@example.com,2022-11-14,España
453,Laura,Díaz,laura.diaz453@example.com,2024-07-20,España
454,Paula,Díaz,paula.diaz454@example.com,2022-02-02,España
455,Álvaro,Álvarez,alvaro.alvarez455@example.com,2025-08-05,España
456,Pablo,Martínez,pablo.martinez456@example.com,2021-10-27,España
457,Lucía,López,lucia.lopez457@example.com,2024-05-18,España
458,Laura,López,laura.lopez458@example.com,2025-05-02,Portugal
459,Sara,Romero,sara.romero459@example.com,2024-02-29,Francia
460,Sara,Muñoz,sara.munoz460@example.com,2024-03-02,Francia
461,Nuria,Alonso,nuria.alonso461@example.com,2024-07-08,España
462,Marta,Ruiz,marta.ruiz462@example.com,2021-05-20,Portugal
463,Sara,Muñoz,sara.munoz463@example.com,2022-09-13,España
464,Claudia,García,claudia.garcia464@example.com,2022-12-22,Francia
465,Laura,Pérez,laura.perez465@example.com,2023-08-04,Portugal
466,Carlos,García,carlos.garcia466@example.com,2023-01-26,España
467,Laura,Muñoz,laura.munoz467@example.com,2025-11-05,España
468,Adrián,Moreno,adrian.moreno468@example.com,2023-11-05,Portugal
469,Sara,Moreno,sara.moreno469@example.com,2024-02-10,España
470,Sara,Gutiérrez,sara.gutierrez470@example.com,2025-07-17,Francia
471,Lucía,Gómez,lucia.gomez471@example.com,2024-05-24,Portugal
472,Paula,López,paula.lopez472@example.com,2021-05-07,Portugal
473,David,Romero,david.romero473@example.com,2025-09-11,España
474,Laura,Díaz,laura.diaz474@example.com,2024-08-16,España
475,Carlos,Sánchez,carlos.sanchez475@example.com,2024-12-20,Portugal
476,Sara,Díaz,sara.diaz476@example.com,2023-12-07,Francia
477,Javier,Gómez,javier.gomez477@example.com,2023-02-03,España
478,Irene,Fernández,irene.fernandez478@example.com,2025-05-06,España
479,Adrián,García,adrian.garcia479@example.com,2025-06-05,España
480,Laura,Gómez,laura.gomez480@example.com,2021-07-13,Francia
481,Irene,Pérez,irene.perez481@example.com,2022-06-01,Francia
482,Marta,Gómez,marta.gomez482@example.com,2021-06-16,Francia
483,Marta,Gutiérrez,marta.gutierrez483@example.com,2022-12-18,España
484,Irene,López,irene.lopez484@example.com,2024-05-03,España
485,Sergio,Díaz,sergio.diaz485@example.com,2023-02-11,España
486,Marta,Muñoz,marta.munoz486@example.com,2024-12-10,Francia
487,Laura,Muñoz,laura.munoz487@example.com,2024-10-05,Portugal
488,Paula,Gómez,paula.gomez488@example.com,2021-02-07,España
489,Sergio,López,sergio.lopez489@example.com,2022-03-15,España
490,Daniel,Sánchez,daniel.sanchez490@example.com,2022-04-09,España
491,Marta,Martínez,marta.martinez491@example.com,2022-08-29,España
492,Paula,Romero,paula.romero492@example.com,2024-01-11,Francia
493,Carlos,Muñoz,carlos.munoz493@example.com,2022-11-21,Francia
494,Marta,Moreno,marta.moreno494@example.com,2023-02-11,España
495,Javier,López,javier.lopez495@example.com,2025-08-30,Francia
496,Javier,Álvarez,javier.alvarez496@example.com,2023-06-16,España
497,Miguel,Gómez,miguel.gomez497@example.com,2024-10-17,España
498,Sara,Moreno,sara.moreno498@example.com,2022-08-07,Portugal
499,Pablo,Díaz,pablo.diaz499@example.com,2022-05-05,España
500,Daniel,Gutiérrez,daniel.gutierrez500@example.com,2025-09-07,España
25,Pablo,Muñoz,pablo.munoz25@example.com,2022-10-27,España
88,Adrián,Martínez,adrian.martinez88@example.com,2024-10-14,España
167,Sara,Pérez,sara.perez167@example.com,2025-03-20,España
302,Daniel,Alonso,daniel.alonso302@example.com,2021-11-01,Portugal
445,Irene,Álvarez,irene.alvarez445@example.com,2024-08-04,Portugal
