transaccion_id,cliente_id,fecha,tipo,importe,moneda
100001,348,2026-01-12,INGRESO,3914.42,EUR
100002,394,2026-04-18,RECIBO,2779.68,EUR
100003,271,2026-05-30,RETIRADA,3814.47,EUR
100004,411,2025-07-24,INGRESO,-738.81,EUR
100005,27,2025-09-14,RETIRADA,3307.64,EUR
100006,479,2026-07-22,COMPRA,2412.71,EUR
100007,436,2026-06-13,COMPRA,67.85,EUR
100008,140,2025-06-14,RETIRADA,3479.18,EUR
100009,426,2025-05-31,RETIRADA,-995.58,EUR
100010,419,2025-08-16,RETIRADA,3365.46,EUR
100011,213,2025-01-28,COMPRA,680.5,EUR
100012,121,2026-01-18,RETIRADA,3969.89,EUR
100013,115,2026-01-19,COMPRA,252.77,EUR
100014,430,2025-04-12,RECIBO,2852.59,EUR
100015,20,2025-05-21,RECIBO,3545.68,EUR
100016,357,2026-04-29,TRANSFERENCIA,,EUR
100017,230,2026-04-26,INGRESO,-1471.12,EUR
100018,10,2025-03-23,RECIBO,-313.9,EUR
100019,281,2025-06-03,INGRESO,1402.74,EUR
100020,398,2025-04-24,RECIBO,-192.98,EUR
100021,25,2025-05-05,TRANSFERENCIA,809.04,EUR
100022,33,2026-04-14,COMPRA,3101.78,EUR
100023,306,2026-05-27,INGRESO,-1409.61,EUR
100024,295,2026-06-12,TRANSFERENCIA,2451.99,EUR
100025,220,2025-10-26,COMPRA,1881.45,EUR
100026,293,2025-09-04,RETIRADA,-469.77,EUR
100027,269,2025-03-29,RECIBO,-1127.76,EUR
100028,279,2026-06-23,INGRESO,2825.27,EUR
100029,284,2026-06-04,COMPRA,647.5,EUR
100030,23,2026-04-27,RETIRADA,3895.72,EUR
100031,383,2025-09-17,COMPRA,464.02,EUR
100032,177,2025-03-11,TRANSFERENCIA,2531.18,EUR
100033,396,2025-04-17,INGRESO,2543.53,EUR
100034,69,2025-12-07,COMPRA,437.64,EUR
100035,417,2025-12-13,TRANSFERENCIA,3067.11,EUR
100036,357,2026-04-21,RETIRADA,1974.55,EUR
100037,33,2025-05-19,RETIRADA,-1296.59,EUR
100038,23,2025-07-26,TRANSFERENCIA,3371.85,EUR
100039,478,2025-11-20,RECIBO,1334.61,EUR
100040,243,2026-07-11,RECIBO,-1298.59,EUR
100041,147,2025-07-15,RECIBO,3241.76,EUR
100042,444,2025-02-18,RECIBO,2.69,EUR
100043,224,2026-01-12,RETIRADA,2588.19,EUR
100044,174,2026-01-31,TRANSFERENCIA,1229.12,EUR
100045,189,2026-05-25,INGRESO,-33.04,EUR
100046,373,2025-03-26,RETIRADA,-1065.9,EUR
100047,280,2025-07-04,RECIBO,266.66,EUR
100048,168,2025-03-23,RECIBO,185.73,EUR
100049,86,2026-03-13,RETIRADA,433.51,EUR
100050,373,2025-02-13,RECIBO,1881.68,EUR
100051,141,2026-03-22,COMPRA,-1087.27,EUR
100052,901,2026-02-20,INGRESO,2906.03,EUR
100053,488,2025-06-13,COMPRA,-714.71,EUR
100054,18,2026-03-25,TRANSFERENCIA,-1130.22,EUR
100055,186,2026-01-11,RETIRADA,3722.07,EUR
100056,310,2025-02-03,TRANSFERENCIA,2234.84,EUR
100057,191,2026-01-15,RETIRADA,2696.96,EUR
100058,71,2026-08-11,INGRESO,518.22,EUR
100059,333,2025-11-18,RECIBO,-127.14,EUR
100060,14,2025-04-27,TRANSFERENCIA,1244.74,EUR
100061,468,2026-02-01,INGRESO,-852.31,EUR
100062,361,2025-09-24,RETIRADA,-319.86,EUR
100063,356,2025-10-20,RETIRADA,-399.02,EUR
100064,437,2025-05-19,COMPRA,986.23,EUR
100065,45,2026-04-01,RECIBO,2173.12,EUR
100066,282,2025-03-08,INGRESO,96.99,EUR
100067,436,2025-11-04,TRANSFERENCIA,2414.95,EUR
100068,407,2025-06-28,RECIBO,1298.16,EUR
100069,103,2025-05-05,TRANSFERENCIA,-197.95,EUR
100070,14,2026-05-21,RECIBO,1547.12,EUR
100071,240,2026-01-13,INGRESO,-786.26,EUR
100072,34,2025-03-30,RECIBO,689.88,EUR
100073,270,2026-05-06,RETIRADA,2730.41,EUR
100074,38,2026-08-12,TRANSFERENCIA,3848.09,EUR
100075,231,2025-13-05,RETIRADA,2240.6,EUR
100076,66,2025-12-19,INGRESO,2018.87,EUR
100077,394,2025-07-06,TRANSFERENCIA,879.4,EUR
100078,426,2025-02-26,COMPRA,1349.56,EUR
100079,85,2025-11-08,TRANSFERENCIA,274.63,EUR
100080,178,2025-08-19,INGRESO,3422.09,EUR
100081,129,2025-03-22,TRANSFERENCIA,1992.81,EUR
100082,141,2026-07-19,TRANSFERENCIA,1937.62,EUR
100083,48,2026-07-01,INGRESO,2025.43,EUR
100084,79,2026-08-18,TRANSFERENCIA,2123.03,EUR
100085,432,2025-12-12,INGRESO,-1273.43,EUR
100086,42,2025-01-30,COMPRA,3717.01,EUR
100087,136,2026-08-14,TRANSFERENCIA,2718.27,EUR
100088,317,2026-03-03,COMPRA,1239.21,EUR
100089,149,2026-07-13,RECIBO,1156.2,EUR
100090,153,2026-02-20,RETIRADA,-1098.65,EUR
100091,81,2025-03-03,RETIRADA,785.92,EUR
100092,105,2026-04-21,RECIBO,1836.63,EUR
100093,442,2025-11-17,RECIBO,2538.1,EUR
100094,500,2025-12-20,RETIRADA,-780.79,EUR
100095,264,2026-01-15,INGRESO,-915.99,EUR
100096,239,2025-09-05,COMPRA,-28.91,EUR
100097,73,2025-09-11,COMPRA,-1221.67,EUR
100098,443,2026-01-29,INGRESO,799.74,EUR
100099,417,2025-06-13,RECIBO,3635.63,EUR
100100,98,2025-11-17,TRANSFERENCIA,1240.46,EUR
100101,240,2026-06-12,RETIRADA,3334.92,EUR
100102,12,2026-05-25,COMPRA,3698.78,EUR
100103,235,2026-06-02,TRANSFERENCIA,-316.71,EUR
100104,25,2025-12-28,COMPRA,47.46,EUR
100105,147,2026-04-27,INGRESO,-1455.02,EUR
100106,221,2025-04-21,TRANSFERENCIA,3353.51,EUR
100107,392,2026-01-10,RETIRADA,512.66,EUR
100108,27,2026-02-15,INGRESO,1589.99,EUR
100109,284,2026-01-07,RECIBO,-1095.58,EUR
100110,231,2026-06-01,INGRESO,38.46,EUR
100111,66,2025-05-02,COMPRA,666.47,EUR
100112,286,2025-12-14,RECIBO,2652.31,EUR
100113,309,2025-07-23,INGRESO,,EUR
100114,24,2025-02-11,COMPRA,-746.3,EUR
100115,412,2025-12-08,RETIRADA,1356.33,EUR
100116,311,2025-06-02,INGRESO,-731.2,EUR
100117,84,2025-11-23,RETIRADA,3948.39,EUR
100118,304,2025-11-03,RECIBO,1290.23,EUR
100119,273,2026-06-06,RETIRADA,2398.07,EUR
100120,244,2025-11-03,COMPRA,525.97,EUR
100121,214,2025-04-23,INGRESO,192.23,EUR
100122,306,2025-01-28,RETIRADA,-39.58,EUR
100123,296,2026-08-16,TRANSFERENCIA,2467.7,EUR
100124,246,2026-08-21,TRANSFERENCIA,1383.28,EUR
100125,76,2026-01-25,TRANSFERENCIA,-1326.36,EUR
100126,98,2025-04-23,COMPRA,925.71,EUR
100127,78,2026-03-05,RETIRADA,2297.75,EUR
100128,257,2026-02-25,INGRESO,3562.87,EUR
100129,362,2025-03-05,TRANSFERENCIA,1352.76,EUR
100130,167,2026-07-29,RETIRADA,1390.12,EUR
100131,490,2025-11-18,TRANSFERENCIA,1028.15,EUR
100132,176,2026-06-30,INGRESO,448.58,EUR
100133,313,2025-09-28,RETIRADA,-442.55,EUR
100134,143,2025-09-10,INGRESO,141.75,EUR
100135,395,2025-11-01,RECIBO,2376.96,EUR
100136,163,2026-05-16,RETIRADA,418.42,EUR
100137,148,2025-10-08,COMPRA,1654.12,EUR
100138,195,2026-07-11,RETIRADA,3001.08,EUR
100139,149,2025-05-30,COMPRA,81.97,EUR
100140,178,2025-03-22,RETIRADA,2107.85,EUR
100141,110,2026-05-06,TRANSFERENCIA,3053.73,EUR
100142,478,2025-10-05,INGRESO,2328.94,EUR
100143,56,2025-05-21,INGRESO,2574.9,EUR
100144,125,2025-09-03,COMPRA,2184.09,EUR
100145,116,2026-06-28,TRANSFERENCIA,-1211.3,EUR
100146,170,2026-02-28,RETIRADA,-947.0,EUR
100147,3,2025-05-21,INGRESO,3878.51,EUR
100148,209,2025-06-11,RETIRADA,1125.97,EUR
100149,388,2025-07-24,RECIBO,266.42,EUR
100150,465,2025-03-02,COMPRA,2087.64,EUR
100151,274,2025-08-26,COMPRA,3522.76,EUR
100152,214,2025-06-29,TRANSFERENCIA,3636.57,EUR
100153,429,2025-02-07,RETIRADA,2833.78,EUR
100154,480,2025-07-10,RECIBO,3322.09,EUR
100155,153,2025-01-10,INGRESO,1815.31,EUR
100156,146,2025-12-10,RETIRADA,3940.05,EUR
100157,269,2026-07-11,RETIRADA,3390.93,EUR
100158,436,2025-05-18,INGRESO,1074.11,EUR
100159,415,2025-07-17,COMPRA,318.76,EUR
100160,332,2026-04-15,RECIBO,2452.29,EUR
100161,378,2025-01-15,RECIBO,2849.22,EUR
100162,346,2026-08-05,TRANSFERENCIA,-534.78,EUR
100163,424,2026-02-20,RETIRADA,1334.04,EUR
100164,206,2025-03-30,COMPRA,-483.7,EUR
100165,245,2025-05-24,RECIBO,3647.04,EUR
100166,134,2025-01-07,RETIRADA,-204.63,EUR
100167,489,2025-10-01,RECIBO,160.7,EUR
100168,6,2026-08-10,RECIBO,2095.26,EUR
100169,32,2025-08-30,COMPRA,1059.67,EUR
100170,208,2025-06-13,INGRESO,3577.08,EUR
100171,354,2025-11-15,COMPRA,2012.91,EUR
100172,189,2025-10-30,INGRESO,-285.33,EUR
100173,245,2025-05-17,TRANSFERENCIA,1002.38,EUR
100174,213,2026-01-18,INGRESO,3520.38,EUR
100175,411,2026-07-05,TRANSFERENCIA,2690.23,EUR
100176,270,2025-03-25,RETIRADA,1404.95,EUR
100177,40,2026-01-06,INGRESO,-882.85,EUR
100178,463,2026-07-15,INGRESO,-388.14,EUR
100179,77,2026-07-04,TRANSFERENCIA,304.65,EUR
100180,227,2026-06-17,COMPRA,2241.62,EUR
100181,251,2026-08-21,COMPRA,3443.89,EUR
100182,415,2026-04-02,COMPRA,993.88,EUR
100183,213,2026-06-10,RETIRADA,1601.51,EUR
100184,237,2026-07-27,RECIBO,2478.04,EUR
100185,131,2026-02-10,COMPRA,2601.92,EUR
100186,38,2026-08-16,COMPRA,830.34,EUR
100187,278,2025-03-07,COMPRA,3640.21,EUR
100188,479,2025-03-12,RETIRADA,-1325.46,EUR
100189,93,2026-02-23,TRANSFERENCIA,2712.05,EUR
100190,192,2026-03-07,RETIRADA,966.95,EUR
100191,193,2026-01-22,COMPRA,2255.02,EUR
100192,69,2026-07-07,RECIBO,-847.52,EUR
100193,202,2026-07-05,INGRESO,-799.59,EUR
100194,428,2025-08-17,COMPRA,2658.99,EUR
100195,238,2025-11-02,INGRESO,832.7,EUR
100196,422,2026-01-24,TRANSFERENCIA,-138.68,EUR
100197,80,2025-12-21,RECIBO,-463.36,EUR
100198,17,2025-04-26,RETIRADA,1882.08,EUR
100199,124,2025-01-17,TRANSFERENCIA,-1129.9,EUR
100200,902,2025-02-04,INGRESO,2196.13,EUR
100201,126,2025-02-19,COMPRA,712.46,EUR
100202,277,2025-08-28,TRANSFERENCIA,2649.12,EUR
100203,72,2025-02-27,INGRESO,3964.16,EUR
100204,418,2025-08-28,INGRESO,253.97,EUR
100205,122,2025-11-25,RECIBO,3319.42,EUR
100206,114,2026-06-18,RETIRADA,152.76,EUR
100207,286,2025-03-04,INGRESO,3338.43,EUR
100208,321,2025-06-29,RETIRADA,1557.18,EUR
100209,498,2025-02-18,RECIBO,3678.73,EUR
100210,403,2026-01-26,INGRESO,253.04,EUR
100211,210,2026-03-03,TRANSFERENCIA,149.39,EUR
100212,387,2025-07-08,INGRESO,1104.35,EUR
100213,154,2025-08-19,TRANSFERENCIA,2931.77,EUR
100214,288,2025-03-01,RETIRADA,3822.82,EUR
100215,272,2026-07-25,TRANSFERENCIA,636.3,EUR
100216,105,2025-09-19,RECIBO,2056.88,EUR
100217,434,2026-04-06,RECIBO,-991.45,EUR
100218,27,2025-07-15,RECIBO,574.42,EUR
100219,448,2025-02-10,COMPRA,-465.1,EUR
100220,112,2026-07-27,RETIRADA,-351.11,EUR
100221,156,2025-12-07,COMPRA,-335.06,EUR
100222,493,2025-07-14,COMPRA,2607.84,EUR
100223,469,2026-05-06,TRANSFERENCIA,2325.94,EUR
100224,204,2025-07-29,TRANSFERENCIA,1536.44,EUR
100225,195,2025-10-17,RETIRADA,1435.08,EUR
100226,158,2026-01-03,RECIBO,478.05,EUR
100227,239,2026-05-25,COMPRA,2915.49,EUR
100228,390,2026-04-26,RECIBO,3528.82,EUR
100229,161,2026-01-15,RETIRADA,-1248.57,EUR
100230,380,2025-08-15,TRANSFERENCIA,-1410.79,EUR
100231,479,2026-07-21,INGRESO,1685.29,EUR
100232,152,2026-03-04,TRANSFERENCIA,-420.95,EUR
100233,195,2025-08-24,INGRESO,3083.49,EUR
100234,282,2026-05-27,RECIBO,-84.7,EUR
100235,495,2026-05-16,RETIRADA,1034.56,EUR
100236,87,2025-12-27,TRANSFERENCIA,2461.72,EUR
100237,95,2026-05-16,INGRESO,3946.78,EUR
100238,269,2025-03-02,COMPRA,3114.88,EUR
100239,484,2025-03-18,COMPRA,2703.86,EUR
100240,71,2026-02-27,TRANSFERENCIA,-1126.18,EUR
100241,5,2025-06-04,TRANSFERENCIA,1281.53,EUR
100242,31,2026-01-18,INGRESO,2007.51,EUR
100243,338,2026-05-10,RETIRADA,-1413.48,EUR
100244,283,2026-06-29,RETIRADA,-1434.82,EUR
100245,370,2026-06-27,RECIBO,1446.56,EUR
100246,9,31/02/2025,INGRESO,2972.36,EUR
100247,413,2026-03-17,TRANSFERENCIA,-911.41,EUR
100248,269,2025-04-09,TRANSFERENCIA,-174.67,EUR
100249,130,2026-06-24,RECIBO,-29.71,EUR
100250,41,2026-02-11,RECIBO,3776.14,EUR
100251,290,2026-04-16,TRANSFERENCIA,3946.28,EUR
100252,154,2025-08-20,COMPRA,2095.55,EUR
100253,48,2025-02-02,RETIRADA,585.95,EUR
100254,244,2026-07-20,COMPRA,2002.11,EUR
100255,43,2025-06-25,RETIRADA,3149.31,EUR
100256,290,2025-12-06,COMPRA,3421.35,EUR
100257,118,2025-02-13,TRANSFERENCIA,3457.0,EUR
100258,244,2026-08-04,RECIBO,-1243.91,EUR
100259,351,2025-03-18,RECIBO,3446.21,EUR
100260,337,2026-08-01,COMPRA,-513.55,EUR
100261,9,2025-11-19,TRANSFERENCIA,1728.7,EUR
100262,476,2026-02-12,COMPRA,146.02,EUR
100263,124,2026-08-01,INGRESO,3090.58,EUR
100264,347,2026-02-03,INGRESO,324.51,EUR
100265,405,2025-05-24,COMPRA,1254.36,EUR
100266,28,2025-12-21,COMPRA,903.99,EUR
100267,175,2025-03-19,INGRESO,2729.53,EUR
100268,497,2026-02-11,RECIBO,-1337.06,EUR
100269,402,2025-10-07,RETIRADA,1198.32,EUR
100270,284,2025-12-31,RETIRADA,875.16,EUR
100271,339,2026-08-23,RETIRADA,-1028.68,EUR
100272,409,2025-10-30,TRANSFERENCIA,2422.1,EUR
100273,138,2025-03-26,TRANSFERENCIA,590.0,EUR
100274,379,2025-06-07,RETIRADA,241.73,EUR
100275,47,2025-04-20,COMPRA,3686.28,EUR
100276,185,2026-04-01,RECIBO,-937.73,EUR
100277,96,2025-03-31,RETIRADA,968.64,EUR
100278,263,2026-07-23,RETIRADA,-931.89,EUR
100279,182,2025-04-02,INGRESO,,EUR
100280,443,2025-11-29,RETIRADA,-1432.13,EUR
100281,199,2026-02-28,COMPRA,2486.64,EUR
100282,464,2026-07-27,TRANSFERENCIA,1645.78,EUR
100283,351,2025-06-23,RETIRADA,-567.74,EUR
100284,155,2025-10-03,RECIBO,1212.18,EUR
100285,86,2025-03-06,RETIRADA,17.79,EUR
100286,248,2025-11-03,COMPRA,486.19,EUR
100287,370,2025-09-10,RETIRADA,1765.94,EUR
100288,235,2025-07-20,COMPRA,-754.81,EUR
100289,486,2025-01-07,RETIRADA,327.19,EUR
100290,412,2026-01-25,RECIBO,921.23,EUR
100291,418,2026-03-17,INGRESO,-751.32,EUR
100292,309,2025-11-25,TRANSFERENCIA,1134.55,EUR
100293,494,2025-07-01,RETIRADA,3827.99,EUR
100294,377,2025-10-26,RETIRADA,3822.7,EUR
100295,167,2025-09-06,RETIRADA,41.65,EUR
100296,187,2026-02-07,COMPRA,3626.37,EUR
100297,304,2025-07-24,INGRESO,-510.4,EUR
100298,14,2026-07-18,RETIRADA,3686.36,EUR
100299,225,2025-08-03,RECIBO,3072.05,EUR
100300,420,2025-03-12,RETIRADA,2201.38,EUR
100301,325,2025-05-23,RECIBO,-168.88,EUR
100302,367,2025-06-07,RETIRADA,2839.92,EUR
100303,230,2025-03-17,INGRESO,1135.79,EUR
100304,274,2026-02-15,INGRESO,3579.23,EUR
100305,279,2026-03-05,COMPRA,2848.97,EUR
100306,360,2026-01-04,INGRESO,1766.01,EUR
100307,56,2025-03-29,TRANSFERENCIA,2116.81,EUR
100308,86,2025-12-30,INGRESO,-1256.37,EUR
100309,496,2026-02-14,RECIBO,3811.44,EUR
100310,55,2026-03-17,COMPRA,-957.66,EUR
100311,262,2025-08-16,INGRESO,1568.96,EUR
100312,114,2026-08-13,RETIRADA,557.66,EUR
100313,396,2026-04-20,INGRESO,2297.41,EUR
100314,177,2025-06-04,COMPRA,1155.24,EUR
100315,213,2025-10-30,COMPRA,-861.62,EUR
100316,179,2025-05-26,RECIBO,386.87,EUR
100317,267,2025-07-31,RETIRADA,415.65,EUR
100318,225,2025-04-10,RETIRADA,254.0,EUR
100319,23,2025-11-04,COMPRA,-1375.78,EUR
100320,332,2025-12-18,COMPRA,2224.27,EUR
100321,477,2025-06-18,TRANSFERENCIA,1337.97,EUR
100322,82,2026-07-20,RECIBO,1579.17,EUR
100323,119,2026-04-19,RETIRADA,1963.68,EUR
100324,328,2025-07-10,RETIRADA,675.7,EUR
100325,231,2025-07-22,INGRESO,862.54,EUR
100326,361,2025-01-05,TRANSFERENCIA,-368.19,EUR
100327,296,2025-03-06,COMPRA,2897.26,EUR
100328,96,2026-07-04,RECIBO,292.92,EUR
100329,59,2026-04-14,RECIBO,2188.86,EUR
100330,271,2026-05-17,RECIBO,1783.34,EUR
100331,301,2026-02-06,COMPRA,413.59,EUR
100332,317,2026-04-14,TRANSFERENCIA,2975.56,EUR
100333,471,2025-11-01,INGRESO,1745.93,EUR
100334,161,2025-05-18,COMPRA,-187.85,EUR
100335,94,2025-04-30,RECIBO,2313.9,EUR
100336,199,2026-06-08,RETIRADA,1780.34,EUR
100337,197,2026-08-12,RETIRADA,-478.35,EUR
100338,356,2026-07-05,TRANSFERENCIA,1552.02,EUR
100339,148,2026-05-17,TRANSFERENCIA,-470.96,EUR
100340,318,2026-04-07,COMPRA,3260.37,EUR
100341,249,2025-01-10,TRANSFERENCIA,-426.79,EUR
100342,494,2026-01-29,INGRESO,1279.91,EUR
100343,210,2026-05-22,RETIRADA,785.97,EUR
100344,251,2026-03-31,TRANSFERENCIA,-1045.31,EUR
100345,408,2025-02-01,TRANSFERENCIA,106.49,EUR
100346,116,2025-10-09,INGRESO,87.69,EUR
100347,290,2026-04-14,RETIRADA,1523.49,EUR
100348,999,2025-04-26,COMPRA,-26.61,EUR
100349,422,2026-07-11,RECIBO,1481.24,EUR
100350,390,2025-02-12,RETIRADA,1504.94,EUR
100351,53,2026-03-12,TRANSFERENCIA,137.4,EUR
100352,231,2025-02-03,RECIBO,417.17,EUR
100353,225,2025-03-31,COMPRA,2765.97,EUR
100354,108,2025-08-31,INGRESO,2290.23,EUR
100355,85,2026-03-15,INGRESO,-734.21,EUR
100356,417,2025-07-31,TRANSFERENCIA,2929.92,EUR
100357,180,2026-08-07,INGRESO,45.97,EUR
100358,87,2026-07-06,RECIBO,3884.5,EUR
100359,149,2025-10-27,INGRESO,-29.61,EUR
100360,461,2026-06-11,COMPRA,-754.26,EUR
100361,471,2026-02-26,COMPRA,3958.67,EUR
100362,360,2025-05-10,TRANSFERENCIA,-126.78,EUR
100363,425,2025-11-26,TRANSFERENCIA,2688.1,EUR
100364,251,2026-02-07,TRANSFERENCIA,1675.84,EUR
100365,322,2025-10-03,RETIRADA,563.45,EUR
100366,325,2025-03-19,COMPRA,715.68,EUR
100367,356,2025-10-12,RECIBO,1000.83,EUR
100368,168,2026-05-15,INGRESO,-1486.4,EUR
100369,375,2025-04-06,RETIRADA,1991.62,EUR
100370,436,2026-01-02,COMPRA,2876.23,EUR
100371,112,2026-02-12,RETIRADA,3036.66,EUR
100372,138,2026-05-22,RECIBO,3055.89,EUR
100373,281,2025-12-12,INGRESO,-781.73,EUR
100374,404,2026-05-12,RECIBO,3417.85,EUR
100375,24,2025-02-19,COMPRA,1943.99,EUR
100376,9,2026-04-16,COMPRA,3611.88,EUR
100377,226,2025-06-11,RETIRADA,-1496.28,EUR
100378,104,2026-03-15,TRANSFERENCIA,3351.81,EUR
100379,82,2025-11-06,RECIBO,-986.63,EUR
100380,129,2026-01-05,COMPRA,545.14,EUR
100381,27,2025-06-19,RETIRADA,1940.82,EUR
100382,220,2025-08-28,COMPRA,2370.34,EUR
100383,110,2025-01-02,RETIRADA,-1071.34,EUR
100384,266,2025-08-20,RETIRADA,-1448.92,EUR
100385,419,2025-12-18,COMPRA,3934.85,EUR
100386,356,2026-03-09,TRANSFERENCIA,1127.35,EUR
100387,197,2025-08-23,COMPRA,2519.2,EUR
100388,53,2025-04-15,RECIBO,521.59,EUR
100389,71,2025-11-03,RETIRADA,2754.03,EUR
100390,329,2025-05-17,TRANSFERENCIA,-1123.74,EUR
100391,5,2026-07-31,INGRESO,2075.11,EUR
100392,180,2026-03-27,TRANSFERENCIA,1954.44,EUR
100393,471,2025-06-05,RETIRADA,1888.42,EUR
100394,441,2026-03-30,TRANSFERENCIA,-1023.22,EUR
100395,72,2025-04-13,COMPRA,1742.66,EUR
100396,180,2026-01-29,RETIRADA,229.77,EUR
100397,127,2025-05-24,RECIBO,2045.41,EUR
100398,284,2025-09-12,INGRESO,1800.04,EUR
100399,399,2025-10-19,COMPRA,3163.41,EUR
100400,106,2025-11-05,INGRESO,1838.1,EUR
100401,383,2025-07-13,RETIRADA,125.48,EUR
100402,402,2025-02-25,TRANSFERENCIA,1221.88,EUR
100403,124,2025-04-26,RETIRADA,2009.45,EUR
100404,271,2025-03-14,COMPRA,3927.85,EUR
100405,68,2025-11-21,RETIRADA,3234.48,EUR
100406,216,2026-08-06,RECIBO,1504.96,EUR
100407,391,2025-06-26,RETIRADA,3749.49,EUR
100408,9,2025-03-16,INGRESO,-1128.57,EUR
100409,111,2025-09-26,COMPRA,3574.19,EUR
100410,260,2026-02-12,RECIBO,1957.14,EUR
100411,393,2026-05-29,RETIRADA,829.66,EUR
100412,43,2026-02-16,INGRESO,1457.1,EUR
100413,143,2025-06-06,COMPRA,204.49,EUR
100414,472,2026-06-08,TRANSFERENCIA,3858.72,EUR
100415,275,2025-06-09,RECIBO,649.02,EUR
100416,159,2025-03-09,RETIRADA,2514.77,EUR
100417,30,2025-09-02,TRANSFERENCIA,-1025.83,EUR
100418,60,2026-03-21,RETIRADA,1867.63,EUR
100419,159,2025-02-26,TRANSFERENCIA,-843.06,EUR
100420,360,2025-05-21,COMPRA,-598.92,EUR
100421,268,2025-12-22,INGRESO,2806.43,EUR
100422,86,2025-09-23,RECIBO,-801.88,EUR
100423,376,2025-10-03,COMPRA,2742.87,EUR
100424,172,2025-01-31,RETIRADA,-4.11,EUR
100425,135,2025-03-07,INGRESO,1951.43,EUR
100426,234,2026-05-24,INGRESO,480.68,EUR
100427,440,2026-05-27,INGRESO,-582.15,EUR
100428,131,2025-06-11,COMPRA,3418.48,EUR
100429,117,2025-04-29,INGRESO,-1485.87,EUR
100430,126,2025-01-13,COMPRA,1094.71,EUR
100431,472,2026-01-28,TRANSFERENCIA,-515.71,EUR
100432,284,2025-02-06,RETIRADA,-265.17,EUR
100433,214,fecha_desconocida,RECIBO,-8.08,EUR
100434,293,2025-03-21,RECIBO,-843.29,EUR
100435,92,2025-02-23,TRANSFERENCIA,2923.86,EUR
100436,489,2025-02-17,RETIRADA,-1120.9,EUR
100437,444,2026-04-22,RECIBO,2754.4,EUR
100438,168,2025-11-15,COMPRA,1542.0,EUR
100439,189,2025-01-09,TRANSFERENCIA,103.77,EUR
100440,379,2025-11-08,INGRESO,-165.79,EUR
100441,303,2026-01-13,RETIRADA,3987.83,EUR
100442,376,2025-07-20,INGRESO,2682.65,EUR
100443,78,2025-09-09,COMPRA,3628.19,EUR
100444,120,2025-01-25,INGRESO,405.33,EUR
100445,487,2025-01-10,RECIBO,-1491.96,EUR
100446,435,2026-01-21,RECIBO,-928.28,EUR
100447,122,2026-06-27,RETIRADA,1206.16,EUR
100448,498,2025-03-03,TRANSFERENCIA,2414.09,EUR
100449,23,2025-04-06,TRANSFERENCIA,3435.08,EUR
100450,212,2026-06-17,RECIBO,1021.52,EUR
100451,298,2025-03-28,COMPRA,1279.85,EUR
100452,39,2026-02-08,INGRESO,1623.01,EUR
100453,340,2026-03-22,TRANSFERENCIA,-197.76,EUR
100454,436,2025-09-25,RECIBO,3593.23,EUR
100455,359,2026-02-07,RECIBO,249.32,EUR
100456,120,2025-10-06,COMPRA,3689.55,EUR
100457,400,2025-05-20,INGRESO,-900.65,EUR
100458,85,2025-04-19,RETIRADA,1063.3,EUR
100459,62,2026-02-21,INGRESO,470.58,EUR
100460,232,2025-08-01,RECIBO,1048.41,EUR
100461,47,2025-05-03,TRANSFERENCIA,2941.78,EUR
100462,424,2025-11-08,INGRESO,-1278.19,EUR
100463,76,2025-12-02,COMPRA,2411.37,EUR
100464,203,2025-12-31,INGRESO,-1230.77,EUR
100465,134,2025-11-03,TRANSFERENCIA,-1329.05,EUR
100466,438,2026-02-19,RETIRADA,1557.75,EUR
100467,128,2026-07-18,COMPRA,1041.24,EUR
100468,63,2025-05-24,COMPRA,-1160.82,EUR
100469,67,2025-08-16,TRANSFERENCIA,3030.2,EUR
100470,352,2026-01-17,COMPRA,1702.78,EUR
100471,470,2025-09-23,COMPRA,-1380.1,EUR
100472,102,2025-03-08,RETIRADA,2951.14,EUR
100473,464,2025-04-05,RECIBO,-826.1,EUR
100474,26,2026-04-18,TRANSFERENCIA,3582.72,EUR
100475,421,2026-03-20,RETIRADA,1228.7,EUR
100476,350,2026-01-27,RETIRADA,-549.56,EUR
100477,466,2025-08-08,TRANSFERENCIA,12.4,EUR
100478,453,2026-04-02,TRANSFERENCIA,-1309.43,EUR
100479,332,2025-09-09,RECIBO,1243.9,EUR
100480,246,2026-07-18,COMPRA,-1017.53,EUR
100481,71,2026-01-28,RETIRADA,-402.98,EUR
100482,128,2026-06-23,INGRESO,2871.65,EUR
100483,401,2026-01-27,RECIBO,1138.26,EUR
100484,177,2026-05-12,INGRESO,1263.16,EUR
100485,139,2026-02-02,TRANSFERENCIA,-1356.65,EUR
100486,16,2025-08-13,RECIBO,-1177.75,EUR
100487,272,2026-04-29,RECIBO,2717.63,EUR
100488,499,2025-08-27,TRANSFERENCIA,-949.26,EUR
100489,137,2025-09-04,INGRESO,2989.57,EUR
100490,392,2025-02-27,TRANSFERENCIA,1666.31,EUR
100491,182,2026-02-02,TRANSFERENCIA,-531.45,EUR
100492,413,2025-11-22,RECIBO,3526.89,EUR
100493,361,2025-01-29,RECIBO,3711.57,EUR
100494,73,2026-08-01,INGRESO,3716.03,EUR
100495,278,2026-05-20,RECIBO,-534.44,EUR
100496,47,2025-02-08,COMPRA,-220.57,EUR
100497,11,2025-08-13,INGRESO,1128.94,EUR
100498,470,2025-12-06,INGRESO,-391.95,EUR
100499,175,2025-05-14,TRANSFERENCIA,3553.29,EUR
100500,31,2025-11-28,COMPRA,-687.58,EUR
100501,397,2025-05-26,COMPRA,3155.64,EUR
100502,492,2026-01-09,COMPRA,554.75,EUR
100503,301,2026-02-10,COMPRA,351.09,EUR
100504,70,2025-11-27,TRANSFERENCIA,2527.94,EUR
100505,406,2026-03-24,RETIRADA,2070.49,EUR
100506,363,2025-06-28,INGRESO,2314.58,EUR
100507,115,2026-01-01,INGRESO,2979.5,EUR
100508,158,2026-01-23,RECIBO,-799.58,EUR
100509,486,2025-01-02,INGRESO,653.81,EUR
100510,17,2026-08-05,TRANSFERENCIA,1813.14,EUR
100511,328,2025-08-15,INGRESO,-927.39,EUR
100512,73,2026-05-24,RECIBO,,EUR
100513,178,2025-09-01,RECIBO,-576.62,EUR
100514,421,2025-04-01,RECIBO,956.46,EUR
100515,108,2025-09-29,TRANSFERENCIA,2312.47,EUR
100516,132,2025-12-25,COMPRA,2462.27,EUR
100517,198,2025-02-19,RETIRADA,2529.21,EUR
100518,453,2025-06-20,RETIRADA,1211.95,EUR
100519,180,2026-01-23,INGRESO,564.41,EUR
100520,404,2026-05-06,INGRESO,2080.33,EUR
100521,84,2025-08-19,RETIRADA,-1094.6,EUR
100522,151,2025-02-04,COMPRA,252.94,EUR
100523,38,2025-04-18,RECIBO,-564.42,EUR
100524,83,2026-01-20,COMPRA,1508.75,EUR
100525,174,2025-04-06,INGRESO,3919.02,EUR
100526,361,2026-05-10,COMPRA,872.28,EUR
100527,311,2025-06-18,RETIRADA,-635.93,EUR
100528,170,2025-04-14,TRANSFERENCIA,3859.19,EUR
100529,357,2026-02-24,INGRESO,2471.21,EUR
100530,136,2026-07-08,RECIBO,135.7,EUR
100531,26,2025-04-09,RETIRADA,1644.73,EUR
100532,79,2026-05-18,COMPRA,484.56,EUR
100533,45,2026-03-14,RECIBO,3031.44,EUR
100534,103,2026-05-07,COMPRA,-1358.45,EUR
100535,327,2025-06-24,RECIBO,3873.82,EUR
100536,433,2026-04-30,COMPRA,195.94,EUR
100537,242,2026-02-12,RETIRADA,3421.83,EUR
100538,47,2025-09-29,INGRESO,631.4,EUR
100539,454,2026-01-15,RETIRADA,531.71,EUR
100540,23,2026-04-02,RECIBO,918.57,EUR
100541,116,2025-09-27,RECIBO,1603.36,EUR
100542,386,2025-06-04,COMPRA,-1028.61,EUR
100543,414,2025-12-19,INGRESO,776.93,EUR
100544,284,2025-08-21,COMPRA,3124.38,EUR
100545,215,2026-06-20,INGRESO,2278.87,EUR
100546,294,2026-05-02,TRANSFERENCIA,1119.44,EUR
100547,203,2025-03-22,COMPRA,1261.56,EUR
100548,410,2026-06-14,INGRESO,2226.44,EUR
100549,62,2025-05-31,RETIRADA,-549.17,EUR
100550,498,2025-06-21,TRANSFERENCIA,2946.53,EUR
100551,22,2025-05-10,RETIRADA,-1068.97,EUR
100552,104,2026-03-22,TRANSFERENCIA,3087.59,EUR
100553,164,2025-09-22,COMPRA,-1021.35,EUR
100554,204,2026-07-24,INGRESO,293.7,EUR
100555,267,2025-10-10,RETIRADA,3544.39,EUR
100556,403,2025-01-13,INGRESO,1731.67,EUR
100557,58,2026-03-06,RETIRADA,-676.97,EUR
100558,302,2026-08-04,INGRESO,2671.08,EUR
100559,474,2025-04-13,COMPRA,1594.76,EUR
100560,403,2025-04-14,RECIBO,3271.11,EUR
100561,450,2025-12-19,RETIRADA,-47.25,EUR
100562,293,2026-05-13,INGRESO,1101.76,EUR
100563,142,2025-06-26,RETIRADA,-708.81,EUR
100564,20,2026-02-16,RETIRADA,3392.66,EUR
100565,354,2025-12-06,TRANSFERENCIA,-1228.9,EUR
100566,472,2026-05-02,RECIBO,3433.67,EUR
100567,173,2025-01-21,RECIBO,210.22,EUR
100568,440,2026-05-19,COMPRA,3848.73,EUR
100569,69,2025-08-22,RECIBO,3858.21,EUR
100570,397,2026-03-30,RECIBO,-18.19,EUR
100571,310,2026-03-03,COMPRA,-466.35,EUR
100572,468,2025-08-05,RETIRADA,2575.2,EUR
100573,445,2026-06-13,RECIBO,3015.6,EUR
100574,406,2026-06-12,TRANSFERENCIA,-1139.11,EUR
100575,207,2026-06-03,TRANSFERENCIA,2792.84,EUR
100576,451,2026-06-21,INGRESO,-1340.79,EUR
100577,449,2025-07-17,TRANSFERENCIA,3103.37,EUR
100578,17,2025-09-13,RETIRADA,-1221.92,EUR
100579,361,2026-01-05,TRANSFERENCIA,6.88,EUR
100580,259,2026-04-21,RETIRADA,1994.75,EUR
100581,349,2025-05-07,COMPRA,-169.34,EUR
100582,305,2026-05-16,RETIRADA,-523.29,EUR
100583,301,2026-05-01,INGRESO,423.68,EUR
100584,429,2025-06-17,RECIBO,2619.29,EUR
100585,146,2025-04-03,COMPRA,626.11,EUR
100586,438,2025-06-16,INGRESO,2789.07,EUR
100587,439,2025-08-08,TRANSFERENCIA,2060.59,EUR
100588,138,2025-07-31,RETIRADA,1323.05,EUR
100589,243,2025-01-10,TRANSFERENCIA,2060.54,EUR
100590,115,2025-01-09,RECIBO,1845.89,EUR
100591,365,2025-11-09,RECIBO,830.94,EUR
100592,437,2026-01-21,RECIBO,1024.49,EUR
100593,239,2025-08-12,RECIBO,2224.58,EUR
100594,300,2026-02-11,COMPRA,-1459.59,EUR
100595,288,2026-01-19,INGRESO,1849.78,EUR
100596,351,2025-11-02,COMPRA,1149.56,EUR
100597,142,2025-12-11,RECIBO,3238.2,EUR
100598,336,2025-09-25,RECIBO,-464.02,EUR
100599,392,2026-06-14,TRANSFERENCIA,3448.28,EUR
100600,339,2026-02-18,RECIBO,2244.16,EUR
100601,336,2025-01-27,RETIRADA,3986.08,EUR
100602,465,2025-09-23,RETIRADA,725.29,EUR
100603,299,2025-02-06,INGRESO,2988.08,EUR
100604,372,2025-12-18,TRANSFERENCIA,2274.75,EUR
100605,465,2026-05-03,RECIBO,1290.23,EUR
100606,431,2025-06-24,INGRESO,-503.75,EUR
100607,242,2025-04-10,TRANSFERENCIA,2575.05,EUR
100608,391,2026-07-27,TRANSFERENCIA,3708.08,EUR
100609,336,2025-12-10,COMPRA,-277.61,EUR
100610,382,2025-08-17,RECIBO,812.6,EUR
100611,191,2025-12-06,RECIBO,1720.64,EUR
100612,436,2026-04-20,COMPRA,1087.95,EUR
100613,298,2026-08-21,INGRESO,-1108.31,EUR
100614,257,2025-07-19,COMPRA,3271.24,EUR
100615,272,2026-01-26,RECIBO,772.09,EUR
100616,71,2025-06-04,TRANSFERENCIA,384.68,EUR
100617,458,2026-08-07,RETIRADA,-712.27,EUR
100618,399,2025-07-04,COMPRA,1181.69,EUR
100619,161,2025-07-01,COMPRA,-1474.08,EUR
100620,108,2025-10-08,TRANSFERENCIA,1669.53,EUR
100621,251,2025-06-12,COMPRA,-788.27,EUR
100622,325,2026-03-21,RETIRADA,718.66,EUR
100623,197,2026-05-04,COMPRA,-1292.51,EUR
100624,1200,2025-07-24,RECIBO,3725.38,EUR
100625,388,2025-11-26,INGRESO,-451.83,EUR
100626,321,2025-01-05,TRANSFERENCIA,-255.54,EUR
100627,160,2025-12-19,TRANSFERENCIA,-935.1,EUR
100628,302,2026-05-31,RECIBO,-581.39,EUR
100629,153,2025-02-16,RECIBO,1007.59,EUR
100630,306,2026-06-17,INGRESO,358.09,EUR
100631,176,2025-05-18,RETIRADA,475.88,EUR
100632,85,2025-07-12,RETIRADA,-1394.81,EUR
100633,373,2025-08-18,TRANSFERENCIA,-338.45,EUR
100634,302,2025-01-23,INGRESO,-570.58,EUR
100635,365,2026-01-11,COMPRA,563.56,EUR
100636,395,2025-09-19,INGRESO,1927.24,EUR
100637,339,2025-02-19,COMPRA,2094.62,EUR
100638,25,2025-01-21,COMPRA,792.27,EUR
100639,64,2026-01-25,INGRESO,-109.94,EUR
100640,106,2025-06-06,COMPRA,156.14,EUR
100641,340,2025-04-14,INGRESO,-15.13,EUR
100642,215,2025-05-21,COMPRA,1313.72,EUR
100643,145,2025-05-01,COMPRA,2816.18,EUR
100644,102,2026-05-25,INGRESO,-401.38,EUR
100645,426,2025-09-27,INGRESO,3852.16,EUR
100646,361,2026-01-02,RETIRADA,124.43,EUR
100647,281,2025-02-10,RETIRADA,3506.96,EUR
100648,170,2026-05-08,TRANSFERENCIA,-1484.94,EUR
100649,465,2025-04-02,COMPRA,3093.78,EUR
100650,77,2026-05-21,COMPRA,2787.39,EUR
100651,371,2025-03-18,COMPRA,3476.29,EUR
100652,234,2025-08-25,RECIBO,-47.31,EUR
100653,52,2025-02-21,TRANSFERENCIA,3307.77,EUR
100654,185,2025-10-25,RECIBO,842.97,EUR
100655,49,2025-04-29,COMPRA,-1446.8,EUR
100656,340,2025-05-22,TRANSFERENCIA,307.63,EUR
100657,490,2026-03-25,INGRESO,-24.3,EUR
100658,191,2025-04-06,RECIBO,-494.22,EUR
100659,205,2026-02-15,RETIRADA,-4.92,EUR
100660,354,2026-01-30,RETIRADA,2899.45,EUR
100661,58,2025-06-20,TRANSFERENCIA,2328.93,EUR
100662,483,2025-03-02,TRANSFERENCIA,-929.58,EUR
100663,411,2026-05-10,INGRESO,2231.16,EUR
100664,313,2025-07-05,RETIRADA,2785.4,EUR
100665,442,2025-01-30,TRANSFERENCIA,1156.94,EUR
100666,58,2026-05-15,RETIRADA,923.78,EUR
100667,134,2025-03-06,RECIBO,-1432.02,EUR
100668,393,2026-06-22,INGRESO,2480.75,EUR
100669,490,2025-08-18,RECIBO,1355.05,EUR
100670,222,2025-04-08,TRANSFERENCIA,1150.61,EUR
100671,77,2026-01-30,INGRESO,3406.34,EUR
100672,6,2025-02-25,TRANSFERENCIA,1280.62,EUR
100673,437,2026-04-26,RETIRADA,3281.79,EUR
100674,385,2025-03-18,RETIRADA,263.49,EUR
100675,497,2025-12-05,RECIBO,-1223.07,EUR
100676,282,2025-08-17,RETIRADA,718.02,EUR
100677,41,2025-08-29,RETIRADA,943.04,EUR
100678,230,2026-08-10,COMPRA,3211.24,EUR
100679,162,2026-04-03,COMPRA,3893.69,EUR
100680,53,2025-01-19,RETIRADA,767.86,EUR
100681,282,2026-07-25,COMPRA,3042.5,EUR
100682,456,2025-11-08,INGRESO,1592.83,EUR
100683,487,2026-04-13,RECIBO,498.38,EUR
100684,419,2025-02-25,TRANSFERENCIA,3143.75,EUR
100685,287,2025-12-06,INGRESO,1799.73,EUR
100686,367,2026-01-08,RETIRADA,-872.87,EUR
100687,2,2025-08-16,RECIBO,453.26,EUR
100688,281,2025-10-26,INGRESO,556.4,EUR
100689,24,2026-99-01,TRANSFERENCIA,1208.32,EUR
100690,55,2026-02-24,RECIBO,1859.68,EUR
100691,62,2025-07-12,RETIRADA,-314.26,EUR
100692,367,2025-07-15,RECIBO,-907.29,EUR
100693,24,2026-03-01,INGRESO,-822.29,EUR
100694,235,2026-04-07,INGRESO,3759.05,EUR
100695,494,2025-05-18,RETIRADA,-1476.14,EUR
100696,284,2025-02-19,RETIRADA,3113.49,EUR
100697,474,2026-05-10,INGRESO,2795.95,EUR
100698,355,2025-07-01,INGRESO,-544.92,EUR
100699,54,2025-05-12,RETIRADA,2116.37,EUR
100700,259,2025-11-26,RETIRADA,802.66,EUR
100701,141,2025-09-12,RETIRADA,3799.76,EUR
100702,232,2025-10-29,TRANSFERENCIA,-740.01,EUR
100703,154,2026-06-09,INGRESO,,EUR
100704,324,2026-07-21,TRANSFERENCIA,-395.11,EUR
100705,352,2025-10-25,RECIBO,3566.55,EUR
100706,364,2025-05-16,TRANSFERENCIA,1271.41,EUR
100707,364,2025-11-27,COMPRA,2684.26,EUR
100708,246,2026-07-30,INGRESO,1638.51,EUR
100709,346,2026-03-04,INGRESO,72.6,EUR
100710,414,2026-03-09,COMPRA,1375.01,EUR
100711,196,2025-01-26,TRANSFERENCIA,-1208.14,EUR
100712,103,2025-02-27,RECIBO,2626.02,EUR
100713,147,2025-06-14,RECIBO,-694.64,EUR
100714,354,2025-03-05,RECIBO,-378.0,EUR
100715,17,2026-07-09,RECIBO,2977.14,EUR
100716,316,2025-04-15,INGRESO,3256.63,EUR
100717,200,2026-07-29,TRANSFERENCIA,1310.07,EUR
100718,355,2025-10-22,COMPRA,3595.67,EUR
100719,214,2026-02-01,RECIBO,3812.08,EUR
100720,7,2025-02-25,RECIBO,-383.02,EUR
100721,425,2026-03-30,TRANSFERENCIA,3513.18,EUR
100722,387,2026-01-12,INGRESO,1506.38,EUR
100723,398,2025-07-21,TRANSFERENCIA,117.98,EUR
100724,350,2025-07-01,COMPRA,-471.63,EUR
100725,377,2025-06-27,INGRESO,-843.55,EUR
100726,220,2025-02-11,RECIBO,1561.29,EUR
100727,83,2025-05-14,INGRESO,3153.08,EUR
100728,170,2025-01-06,RETIRADA,2403.29,EUR
100729,21,2025-06-08,TRANSFERENCIA,3607.46,EUR
100730,397,2025-02-22,INGRESO,3137.27,EUR
100731,252,2025-11-05,INGRESO,1525.88,EUR
100732,402,2025-03-16,RECIBO,1389.67,EUR
100733,267,2025-07-08,COMPRA,2824.42,EUR
100734,213,2025-06-13,INGRESO,1453.7,EUR
100735,179,2025-04-05,TRANSFERENCIA,3358.68,EUR
100736,170,2025-12-06,RECIBO,114.66,EUR
100737,244,2026-06-28,INGRESO,3030.29,EUR
100738,59,2025-01-10,RECIBO,951.17,EUR
100739,491,2025-09-07,COMPRA,2254.03,EUR
100740,196,2025-11-25,COMPRA,622.32,EUR
100741,371,2026-07-08,RECIBO,-1364.12,EUR
100742,421,2026-06-14,RECIBO,1328.7,EUR
100743,229,2026-06-05,RETIRADA,-1258.82,EUR
100744,165,2025-07-17,INGRESO,-1047.1,EUR
100745,86,2025-04-09,INGRESO,1432.63,EUR
100746,108,2025-03-09,TRANSFERENCIA,3257.23,EUR
100747,428,2026-03-11,COMPRA,-369.31,EUR
100748,332,2026-03-22,COMPRA,2607.9,EUR
100749,13,2025-06-07,RETIRADA,2442.78,EUR
100750,45,2025-02-08,COMPRA,-1201.53,EUR
100751,286,2025-09-15,COMPRA,1662.29,EUR
100752,467,2025-08-22,RECIBO,741.98,EUR
100753,323,2026-04-07,RETIRADA,881.64,EUR
100754,200,2025-01-18,COMPRA,1441.59,EUR
100755,388,2025-03-06,INGRESO,-1249.66,EUR
100756,184,2025-03-16,INGRESO,-916.25,EUR
100757,311,2025-11-05,COMPRA,48.35,EUR
100758,196,2026-03-25,RETIRADA,3021.67,EUR
100759,243,2025-02-01,TRANSFERENCIA,1434.07,EUR
100760,383,2025-05-20,RETIRADA,2882.24,EUR
100761,152,2026-07-13,TRANSFERENCIA,139.31,EUR
100762,491,2026-01-18,COMPRA,1544.38,EUR
100763,73,2026-07-23,COMPRA,-1270.25,EUR
100764,306,2026-08-10,RETIRADA,1454.34,EUR
100765,157,2025-03-29,TRANSFERENCIA,2615.63,EUR
100766,109,2025-12-19,RETIRADA,3480.95,EUR
100767,73,2026-06-09,TRANSFERENCIA,-488.04,EUR
100768,100,2025-09-16,COMPRA,-502.53,EUR
100769,437,2026-08-04,COMPRA,3182.63,EUR
100770,237,2026-07-17,INGRESO,-1097.7,EUR
100771,129,2025-03-10,COMPRA,-414.2,EUR
100772,250,2026-08-18,RECIBO,464.26,EUR
100773,52,2025-08-29,RECIBO,1907.34,EUR
100774,163,2025-07-18,RETIRADA,978.55,EUR
100775,356,2025-11-10,INGRESO,-661.83,EUR
100776,187,2026-08-04,RECIBO,3772.62,EUR
100777,3,2025-06-22,RECIBO,-146.04,EUR
100778,365,2025-08-15,RETIRADA,21.74,EUR
100779,69,2026-01-04,RECIBO,3328.37,EUR
100780,229,2026-04-19,RECIBO,2761.22,EUR
100781,283,2026-05-14,COMPRA,-533.26,EUR
100782,431,2025-03-25,RECIBO,3222.93,EUR
100783,457,2025-05-24,INGRESO,-419.62,EUR
100784,373,2025-03-20,COMPRA,3406.58,EUR
100785,324,2026-06-04,COMPRA,2969.53,EUR
100786,208,2026-08-16,INGRESO,-329.82,EUR
100787,283,2025-02-07,RECIBO,1489.08,EUR
100788,242,2026-07-07,TRANSFERENCIA,512.0,EUR
100789,457,2025-08-17,INGRESO,2532.75,EUR
100790,69,2025-10-25,RETIRADA,1256.18,EUR
100791,204,2025-04-03,RECIBO,1261.92,EUR
100792,435,2025-09-02,INGRESO,2262.89,EUR
100793,72,2026-06-11,RETIRADA,-624.28,EUR
100794,486,2026-08-03,INGRESO,2126.77,EUR
100795,377,2025-05-30,RETIRADA,3665.46,EUR
100796,113,2025-02-11,RETIRADA,-225.38,EUR
100797,190,2025-09-28,TRANSFERENCIA,-1264.55,EUR
100798,266,2025-07-31,RECIBO,634.51,EUR
100799,452,2026-04-11,COMPRA,-1280.52,EUR
100800,53,2025-11-28,INGRESO,1984.62,EUR
100801,428,2025-10-08,RECIBO,1682.47,EUR
100802,90,2026-08-07,RETIRADA,2095.21,EUR
100803,301,2026-01-10,COMPRA,1341.65,EUR
100804,499,2026-01-21,TRANSFERENCIA,1340.04,EUR
100805,419,2025-12-28,RECIBO,1177.74,EUR
100806,455,2026-05-09,INGRESO,-1463.71,EUR
100807,226,2025-05-23,TRANSFERENCIA,-235.05,EUR
100808,330,2026-06-11,RECIBO,-336.66,EUR
100809,81,2025-07-11,RECIBO,1811.11,EUR
100810,339,2025-05-02,TRANSFERENCIA,780.38,EUR
100811,1500,2025-12-05,COMPRA,1148.34,EUR
100812,246,2026-05-06,TRANSFERENCIA,1749.35,EUR
100813,12,2026-02-25,TRANSFERENCIA,-1262.71,EUR
100814,304,2026-08-11,TRANSFERENCIA,-759.02,EUR
100815,21,2026-06-09,INGRESO,-692.24,EUR
100816,133,2025-06-20,TRANSFERENCIA,1341.52,EUR
100817,307,2026-02-20,INGRESO,2006.92,EUR
100818,485,2025-10-18,COMPRA,-308.74,EUR
100819,445,2026-04-28,RETIRADA,-561.88,EUR
100820,308,2026-02-25,TRANSFERENCIA,2870.39,EUR
100821,320,2025-07-06,INGRESO,-45.14,EUR
100822,473,2025-12-17,RETIRADA,1780.93,EUR
100823,118,2025-03-12,RETIRADA,620.04,EUR
100824,9,2025-04-22,TRANSFERENCIA,1374.91,EUR
100825,351,2026-06-01,RETIRADA,3045.83,EUR
100826,91,2025-04-09,RETIRADA,3458.85,EUR
100827,450,2025-02-09,INGRESO,1268.31,EUR
100828,48,2025-05-01,RETIRADA,2126.66,EUR
100829,424,2026-07-07,COMPRA,3433.33,EUR
100830,268,2026-03-18,RETIRADA,537.08,EUR
100831,358,2025-02-14,INGRESO,859.26,EUR
100832,405,2026-05-09,RETIRADA,427.85,EUR
100833,51,2026-08-13,RETIRADA,-763.64,EUR
100834,393,2026-05-04,TRANSFERENCIA,3505.47,EUR
100835,146,2025-03-27,INGRESO,3322.21,EUR
100836,132,2026-02-23,TRANSFERENCIA,-1469.92,EUR
100837,296,2025-01-08,INGRESO,-851.94,EUR
100838,193,2025-01-08,TRANSFERENCIA,2282.72,EUR
100839,210,2025-11-20,RECIBO,-913.79,EUR
100840,334,2026-03-13,INGRESO,-105.02,EUR
100841,217,2026-07-03,INGRESO,511.04,EUR
100842,349,2025-10-10,RETIRADA,2652.35,EUR
100843,283,2026-02-28,INGRESO,1153.57,EUR
100844,287,2026-01-15,INGRESO,1160.68,EUR
100845,296,2025-11-11,RECIBO,2758.07,EUR
100846,377,2026-02-12,TRANSFERENCIA,3202.49,EUR
100847,383,2025-05-02,TRANSFERENCIA,956.27,EUR
100848,52,2025-06-15,TRANSFERENCIA,1295.89,EUR
100849,411,2025-12-13,INGRESO,1877.14,EUR
100850,83,2025-02-23,RETIRADA,3805.14,EUR
100851,412,2025-01-06,COMPRA,3027.91,EUR
100852,475,2026-04-28,INGRESO,894.58,EUR
100853,135,2025-03-07,TRANSFERENCIA,539.59,EUR
100854,371,2025-02-08,RETIRADA,3618.77,EUR
100855,315,2026-02-15,INGRESO,75.58,EUR
100856,485,2025/15/40,TRANSFERENCIA,2021.6,EUR
100857,6,2026-03-26,TRANSFERENCIA,3178.12,EUR
100858,147,2026-06-15,TRANSFERENCIA,-1315.15,EUR
100859,265,2026-06-07,TRANSFERENCIA,1883.54,EUR
100860,185,2025-02-06,TRANSFERENCIA,2102.61,EUR
100861,45,2025-06-11,RECIBO,2788.2,EUR
100862,343,2025-12-28,RETIRADA,729.98,EUR
100863,266,2025-07-25,COMPRA,2553.09,EUR
100864,471,2025-03-12,COMPRA,1522.76,EUR
100865,469,2026-07-27,INGRESO,414.52,EUR
100866,116,2025-10-11,INGRESO,3796.81,EUR
100867,477,2026-04-11,RETIRADA,1661.99,EUR
100868,90,2025-09-25,RETIRADA,1284.31,EUR
100869,38,2026-07-27,INGRESO,118.39,EUR
100870,412,2025-04-30,INGRESO,3761.9,EUR
100871,417,2026-07-05,INGRESO,-124.22,EUR
100872,495,2026-03-30,RETIRADA,1597.43,EUR
100873,388,2025-09-07,RECIBO,3786.81,EUR
100874,349,2026-04-15,RETIRADA,3430.88,EUR
100875,247,2025-01-29,COMPRA,-81.99,EUR
100876,325,2026-01-27,TRANSFERENCIA,2223.02,EUR
100877,410,2025-08-24,RECIBO,768.34,EUR
100878,265,2025-12-28,INGRESO,-1446.52,EUR
100879,128,2025-09-27,RECIBO,-988.45,EUR
100880,39,2025-12-17,INGRESO,3622.68,EUR
100881,161,2026-05-03,RECIBO,-297.89,EUR
100882,138,2026-08-11,TRANSFERENCIA,3709.15,EUR
100883,256,2025-07-14,TRANSFERENCIA,-208.26,EUR
100884,447,2025-09-05,RECIBO,-362.72,EUR
100885,428,2025-07-27,TRANSFERENCIA,3099.84,EUR
100886,80,2025-12-31,COMPRA,-840.67,EUR
100887,347,2025-03-22,RETIRADA,1876.05,EUR
100888,491,2026-07-09,COMPRA,3164.06,EUR
100889,318,2026-01-16,RECIBO,1207.87,EUR
100890,445,2026-08-12,RECIBO,1199.43,EUR
100891,144,2026-06-08,RETIRADA,-278.49,EUR
100892,66,2026-08-14,COMPRA,1391.54,EUR
100893,245,2026-03-10,INGRESO,-1320.91,EUR
100894,202,2025-12-22,TRANSFERENCIA,1014.58,EUR
100895,358,2025-05-04,INGRESO,1030.39,EUR
100896,7,2025-01-09,TRANSFERENCIA,586.85,EUR
100897,167,2025-04-14,RECIBO,1870.28,EUR
100898,96,2025-09-23,INGRESO,-54.33,EUR
100899,242,2025-10-03,INGRESO,387.03,EUR
100900,256,2025-07-08,RETIRADA,-342.07,EUR
100034,69,2025-12-07,COMPRA,437.64,EUR
100157,269,2026-07-11,RETIRADA,3390.93,EUR
100391,5,2026-07-31,INGRESO,2075.11,EUR
100578,17,2025-09-13,RETIRADA,-1221.92,EUR
100800,53,2025-11-28,INGRESO,1984.62,EUR
